sentence1,sentence2,匹配度,是否匹配,真实标签
找一部小时候的动画片,求一部小时候的动画片。谢了,0.9817,1,1
我不可能是一个有鉴赏能力的行家，小姐我把我的时间都花在书写上；象这样豪华的舞会，我还是头一次见到。,蜡烛没熄就好了，夜黑得瘆人，情绪压抑。,0.0,0,0
胡子长得太快怎么办？,胡子长得快怎么办？,0.977,1,1
有时，当空气所含的水蒸气已经饱和，拉托娜的女儿的光线被它留住而形成一个光环时，我们看到她就像这样被这个光环围绕着。,木栅在波涛的冲击下猛烈地震动着。,0.1576,0,0
人家真要以为他们生平只看见过他这一个黑人呢。,而且，当然，如果只有流血对他们才有帮助，他们是不会望而却步，停止流血的有的时候他们屠杀的全然是无辜的人，为保卫古老的法律而英勇牺牲了。,0.1668,0,0
在香港哪里买手表好,香港买手表哪里好,0.9843,1,1
显然，她急于要向他说这么一句话。,她像石像似的坐在那里，面色错黄、苍白，嘴唇紧抿着——什么都不吃。,0.0426,0,0
邓蒂斯仔细看了一番，然后又四面瞧来瞧去，寻找那件把它修削成这样整齐的形式的工具。,三天以后，四个火枪手回到巴黎。,0.0511,0,0
别急呀，我的朋友。,你一定要看我一下。,0.0125,0,0
全职妈妈在家怎么赚钱？,全职妈妈在家上网做什么工作赚钱,0.9785,1,1
她是一个非常慷慨的女人，拥有自己的一大笔财产。,她有很多钱，但她是个慷慨的女人。,0.6854,1,1
嗯，我们注意到的另一件事，呃，随着时间的推移，呃，我们真的不知道我们到底要做什么，我们想公开地做什么，但是，呃，教导，呃，所教的思想，呃，并不总是与我们从道德的角度或者从如何处理给定的情况的角度来告诉,我们同意学校所教的一切。,0.1813,0,0
因此，“条例”要求高级行政人员的业绩计划和评估包含对雇员的业绩期望。,高级管理人员的绩效计划允许员工在工作场所饮酒。,0.1292,0,0
一个从酒吧里倒过来的小男孩。,一个小男孩正在爬篱笆。,0.0654,0,0
明天多少度啊,明天气温多少度啊,0.9538,1,1
人类的机关不可能十全十美。,胡赛太太飞快地冲了出来，一手拿着芥末罐，一手拿着醋瓶子。,0.0,0,0
咳，您昨天可把我们害苦了，来人中的一个说，闹了整整一夜，不让人睡觉。,哦，你昨天真把我们弄苦了，进来的两个人中间的一个说，你害得我们整整一夜没有睡。,0.9761,1,1
什么是思路清晰,学什么让自己思路清晰？,0.0,0,0
他愤怒地看看血，接着把一条手巾浸湿，抹去了鬓角上的血迹。,血已经快干了，弄脏了他的手心；他恶狠狠地望了望血迹，然后浸湿了一条毛巾，擦去了太阳穴上的血。,0.222,0,1
医助慌忙说。请吧，大人。,咱们走吧，大人。,0.0,0,1
那时候，这个该死的小市民一直在我屋里隔板的另一边坐着，您想象得到吗？,如同在酷暑天的猛烈的阳光下从篱笆到篱笆穿行的蜥蜴在越过道路时显得像一道闪电，就像这样，一条像胡椒末一样青黑色的小蛇，怒冲冲的，向着另外两个幽灵的肚子窜去。,0.0096,0,0
一个男人拿着滑板跳过了红色的交通屏障。,一个人骑着溜冰鞋从公园的长凳上跳了过去。,0.2987,0,0
一个裹着一只手跟在大车后面走的老伤兵，用没有受伤的手抓住车子，回头看了皮埃尔一眼。,我呢，心里不痛快，睡不着觉，就着手打听。,0.0033,0,0
写过几封信，匆匆用过午餐之后，他就一直往卡里金家去。,别胡闹啦！搬来和我一起住吧！,0.0929,0,0
娜塔莎坚决地说。,对，对，对，娜塔莎高兴地说。,0.4363,1,1
我要他把牛的角镀一镀金，但他说时间来不及了，镀金得要两天，所以你看，这一点奢侈的小装饰我们只能放弃了。,当初，他们是加害于他，而他只是不希望他们好而已。,0.0276,0,0
如何在微信上推广自己的产品？,如何利用微信推广产品,0.983,1,1
"程先生泡好茶走出去,见蒋丽莉正在房间里来回踱步,双手背在身后,步子有些像男人似的",程先生在屋子里,0.0,0,1
夫人啊，小厮说，您是一位非常非常高贵的总督的非常高贵的妻子，不信的话，就请您接封信和这件礼物。,您就是最尊贵的总督的最尊贵夫人，侍童说，为了证明我说的是真的，请您接受这封信和这份礼物。,0.0937,0,1
男人用户外淋浴。,一个男人正在他的浴室里洗澡。,0.5021,1,0
我不知道怎么才能去到那里。,磨坊主妇拿出牛奶、鸡蛋、马铃薯、面包来给我们。,0.0,0,0
这三个男孩正试图搬些木头。,三个孩子拿着木头。,0.5438,1,1
他认为束缚愈迟愈好，迟点仿佛青春时期就延长了。,当我冋到外祖父家的时候，岵亲』坐在桌旁，穿:十十净净的缉青色的连衣裙，头发梳得很好看，像从前样仪态万方。,0.1201,0,0
他的母亲吃惊地瞪着他，问道:保尔，你在跟谁说话？,那么，随你爱我还是恨我，我最后说，你得到了我的完全的、自动的宽恕；现在请求上帝的宽恕；安心吧。,0.0197,0,0
在狗的眼睛里世界是什么颜色的,在狗的眼睛里世界是什么颜色的？,0.9842,1,1
页面这年头现钱最吃香，咱们也得学着点，该牺牲的地方就得牺牲。,眼下现钱是最宝贵的，应该作出牺牲。,0.0481,0,1
其他人说，1956年苏伊士危机时发出了一项测试预警设备的命令，但从未从账簿上取下。,没有命令测试警告设备。,0.2515,0,0
这艘头重脚轻的大船就象个装着满脑袋亚里士多德学说的枵腹的学者。,她抓住他的手，吻了起来。,0.0,0,0
因为除了捕鲸的航程很长之外，还有许多东西是从事渔业所不可缺少的，有许多东西往往是在偏僻的海港无法补给的，还必须记住，在一切船只中，捕鲸船是最会招致各种意外的船只，尤其是会丧失。,既然是充满神秘和迷信的色彩，说明在它的身上还存有许多不可了解的秘密，这些秘密在追捕的人看来，都是无法理解的。,0.2434,0,1
在我的脑海里，有一个玫瑰式的天空，一个红花绿草的伊甸园；但在外面，我完全意识到，脚下有一条坎坷的路要走，有着渐渐聚拢的黑色风暴要面对。,倒不是他有什么偏见，而是他很想知道。,0.0741,0,0
瞧这些畜生，抢了多少东西这个人后面，在大车上要知道这是从圣像上扯下来的，真的！,二十三年前还可以在奥代罗门的一块石头上看到一段译不出来的碑文；这段法律条文的措辞确实太不合适，可是对于儿童贩子和拐儿童的人却划分得很清楚。,0.0,0,0
在苏联的援助下，启动了一个重建方案，在绘画、照片和建筑图纸的基础上，重建华沙和格但斯克等老城，付出了昂贵而细致的努力。,Gdansk被认为是完全损失，没有重建。,0.0804,0,0
很多人都在上运动课，骑自行车。,人们正在使用运动机器。,0.1502,0,1
——世界上并不是个个人都有钱！,――世界上并不是个个人都有钱！,0.9717,1,1
把你的衣服给我，斯佳丽。,那么您可以知道，她说，我将是您的。,0.0,0,0
害怕，她说着，不出声地哭了。,我想，这样重要的商谈，应该由双方的父亲出面才行。,0.005,0,0
阿克里最好的住处，有海滩和乡村俱乐部的设施。,这是阿克里最好的住处，有海滩和乡村俱乐部可供使用。,0.9554,1,1
你猜我最爱谁,我最爱的是谁你猜一下,0.987,1,1
如果他再说一声他们，斯佳丽就会大叫起来。,难道你不知道博士的为人吗？,0.0,0,0
一块板，加上许多小剪刀。,有一块板和许多小剪刀。,0.9594,1,1
吃过饭，我和拉季洛夫来到他的书房里。,两道铅液越是接近地面，越是扩展开来，形成一条条束状的细流，俨若从喷壶的千百个细孔中喷射出来。,0.1204,0,0
豹头环眼是指什么生肖,豹头环眼指什么生肖,0.9823,1,1
怀孕能吃圆葱吗,怀孕能吃甲鱼吗,0.0,0,0
但是，结局不够理想，我说道，他的举止肯定不够大方。,然后他动了动嘴唇和舌头，发出声音，他要说话了，怯怯地、恳求地望着她，显然怕她听不懂他的话。,0.1366,0,0
他转过身子，高鲁布正站在他的后面咬着他的小黑胡子。,他转过身来，戈卢勃正站在他的后面咬着他的小黑胡子。,0.9758,1,1
一个穿粉红衣服的女孩在一个留胡子的男人的肩膀上。,男人抱着一个女孩,0.2008,0,1
买的手机有没有贴膜曾品,新买的手机有没有贴膜,0.9719,1,1
我完全拒绝和不赞成欧内斯特·海维韦瑟爵士对我弟弟的影射。,我同意欧内斯特·海维瑟爵士对我弟弟的影射。,0.0,0,0
伪造文件的故事从“泰晤士报”、“论坛评论”和“每日电讯报”传播到白水网的其他地方。,故事始于“泰晤士报”，但没有其他出版商接受。,0.2716,0,0
他跟你说什么来，那小鹤子？,我想跟你告别，他说，手里揉着一个信封，里边装着一张一百卢布的钞票。,0.0,0,0
首席陪审员神情庄重地拿着那张表。,首席陪审员神情庄严地拿着那张表。,0.8569,1,1
我当然知道。,不没有。,0.3693,0,0
他从迫害者手里救出这个犹太人，正同从前救出吉洪淫多皮尤斯金一样。,麦基先生倒在椅子上睡着了，两手握拳放在大腿上，好象一张活动家的相片。,0.1514,0,0
早晨，一队男女在这里排队向加内什献祭。,早晨，一队男女在这里排队向加内什献祭。,0.9623,1,1
一个骑摩托车的人在一条空的人行横道前停下来，而三四十辆摩托车和自行车停在他旁边的街道上。,背景中可以看到大量的摩托车。,0.4372,1,1
一只长毛的黑狗站在草地上。,一只蓝鸦站在一片草地上。,0.1134,0,0
同时，它又深奥莫测，因此使人惊骇。,同时它又错综复杂，惊骇由此产生。,0.2422,0,1
完结好看的小说,好看完结的小说,0.9861,1,1
一个可爱的孩子正在公园的草地上玩耍。,一个婴儿在草地上玩耍。,0.5886,1,1
而只有没考虑到这个问题、或者根本没有发生这个问题的人才认为人是虱子如果说拿破仑会不会去的问题使我苦恼了那么久，这是因为我已经清楚地感觉到，我不是拿破仑我忍受了这种空谈的痛苦，索尼雅，我很希望摆脱这个痛苦:索尼雅，我毫无理由地杀人，为自己、为我个人而杀人！,索尼雅，我想丢开这些诡辩去杀人，为自己去杀人，只为我自己一个人！,0.1083,0,1
不是我，是大伙计他声色俱力地我解释广我只是给他当个帮他说:你帮我我就得不十则，他准要找我的麻烦。,我只是帮他的忙，他说:你得帮个忙！,0.3982,0,1
吗，很诱人，不是吗，哈，哈！,他几乎就要被室息死了；他的整个右臂和上半身都被勒紫了；上面起了二百多个小包；这里那里，巳有些小包在渗血。,0.1089,0,0
他以一个阅世很深、充满自信的男子汉的姿态侃侃而谈，同时笑眯眯地看着过往的人群。,你看他会很晚才回来吗？,0.0762,0,0
上帝啊！要知道，反正我还是下不了决心要知道，我准受不了，准受不了为什么，为什么直到现在他站起来，惊异地环顾四周，仿佛连他来到这里也让他感到惊讶，于是他走上桥。,那么，为什么，为什么直到现在他站起身，惊讶地向四下里望了望，好像很奇怪自己竟然来到这样一个地方，然后他向桥走去。,0.5359,1,1
怎么查美国到中国的快递？求高人,一般换驾驶证在什么地方换,0.0,0,0
让我来看看你的计划，我敢说那一定是很好的。,哦！无论诺瓦蒂埃先生是出于什么原因，莫雷尔喊道，我敢说那一定是个很有道理的原因。,0.16,0,1
我就在这儿住一夜，在旁边守着你别折磨我了！,看在上帝的分上，你也别缠着我了！,0.0212,0,1
瓦西里会怎样想呢？,你可以那么说，我亲爱的科波菲尔！,0.0046,0,0
国民储蓄为一个国家提供了国内外投资的资源。,国民储蓄为一个国家和其他国家提供了投入资源。,0.8799,1,1
这也没什么奇怪，魔鬼本来都差不多。,一整夜，他是在苍凉的潮声中合的眼。,0.0363,0,0
唐吉诃德又踢了踢马，它只跳了几下便再也不动了。,提灯的仆人走在最前面，另有几个随从分别走在轿子的两边，阿塔齐努斯则跟在这一行人的后面。,0.0624,0,0
您好吗，杜曼纳夫小姐。,群众中再次爆发出阵阵掌声。,0.0,0,0
流泪以后接着便是恶心，以前你喝的是葡萄酒，以后你喝的是苹果酒。,他用铅笔在两个地方做了记号，打算向巴格拉季翁报告。,0.1627,0,0
不过，他的心里从来没有产生过能够达到仆么目的的想法。,一个宗教狂，一个宗教狂他心里反复想道。,0.4912,1,0
男爵回答。派里尼老板翻译了这一问一答，马便疾驶而去。,掂量掂量这些差别吧，到莫勒里的著作中研究研究这个家庭的历史吧；所有在他们家吃晚饭的清客都会不时地提到这些事，他们称之为微妙的影射。,0.0519,0,0
丹尼斯布林夹着他那两部大书，在约翰亨利门顿的事务所等了一个小时。,丹尼斯布林抱着他那两部大书，已经在约翰亨利门顿的事务所等了一小时，等腻了又带着老婆走过奥康内尔桥，去找考立斯一沃德律师事务所。,0.5736,1,1
绑定花呗的号码不，记得了,花呗在另外个账号，另外个账号又不记得了该怎么办,0.0,0,0
一只被拴在车轮上的斗鸡伸长了脖子，试图啄德鲁的马刺。,火鸡死在马车后面。,0.2409,0,0
一只狗正在公园里奔跑,一只狗在跑。,0.5731,1,1
两个人穿着工作服，正看着墙上插着的一根管子。,两个人看着一根管子。,0.5036,1,1
此外，有几块托架木板钉在隔板上，还钉着一套钩子，上面挂着各种杂物。,明天呢，全部重担又都落在您头上，由您来买面包给她们湖口，这未免荒唐。,0.0,0,0
关于保修,关于维修,0.1408,0,0
一个杂耍手和一个戴着高帽子的男孩站在人群面前。,一个杂耍手和一个男孩站在人群前。,0.569,1,1
最近什么歌好听、,最近有什么新出来的歌好听啊,0.9579,1,1
小王子重复着这句话，要把它记在心间。,小王子重复着这句话，以便能把它记在心间。,0.9838,1,1
父子在一起玩。,这张照片里有两个人。,0.0321,0,1
女孩正在外面拥抱另一个女孩。,一只巨大的蜘蛛爬上一堵墙。,0.0,0,0
一名工厂工人正在机器上工作。,一名工厂工人正在检查鸡肉零件。,0.2745,0,0
"很成功,我见过真正",事情完成得很圆满。,0.0,0,1
爵爷，这是你的爵位证明书这是你的西西里侯爵爵位特派状。,我要提醒你尊夫人的存在，先生；你不承认她，法律却承认。,0.1703,0,0
我不知道在您的事情上是否有过这样的决定有些情况说明有，有些情况说明没有；可是，如果真的有过这样的决定，那么聘书就会早已给您送去，您就会千里迢迢来到此地，就会过去很长的时间，在此期间索迪尼还会一直在这儿为同一件事情忙得精疲力竭，布龙斯维克会搞他的阴谋诡计，我就会夹在中间两面受罪。,扑通。他就。下去啦！,0.0,0,0
你在干什么？小波,小波在不在，你在不在,0.0048,0,1
随后他朝站在角落里惊奇地望着尼古拉的拉斯科利尼科夫看了一眼，向他走去，但是突然又站住了，看了看他，立刻又把自己的目光转移到尼古拉身上，然后又去看拉斯科利尼科夫，然后又去看尼古拉，突然仿佛激动起来，又去责骂尼古拉。,他刚想向拉斯柯尼科夫跟前走去，又忽然停住脚步，看了看他，立刻把视线移到尼古拉身上，然后又移回到拉斯柯尼科夫身上，然后又移到尼古拉身上，最后他好像一时怒起，又倏地朝尼古拉跟前冲去。,0.0515,0,1
这事交给我们就行，先生，我们可以用人格担保；不过我们同样也可以用人格担保，阿托斯皱了皱眉头接着说，达德尼昂先生是不会离开我们的。,你们小心点，把那些东西统统收开，要不然就要倒楣。,0.1467,0,0
以后我就是你主人知道吗,听清以后我就是你主人了晓得不,0.8767,1,1
现在去参加命名日吗？,他楚给我买树皮鞋的钱的。,0.0,0,0
当然奥勃朗斯基去是出于好意，可是人家会说:奥勃朗斯基也去了完全不是那么回事，列文听见奥勃朗斯基笑着这样说，我根本就不认为他比任何富商或者贵族更不要脸。,什么人的话都要听，做的时候，要想想怎么做对己最有利整整一个兑大，当然除了刮风下雨，我都在花里度过，温暖的夜里我杜辛就在花闲:躺在夕、婆込给我的条羊毛毡上睡觉外婆己也常在牝哏过夜，她抱米十草，铺在我的床旁，躺来，久久地给我讲些什么。,0.0469,0,0
还有小辛西娅？,那娇小的辛西娅呢？,0.056,0,1
如果一个男人爱你，有什么表现。,一个男人不爱你了的表现有哪些？,0.0,0,0
人的古文字是什么？,这个古文字是什么？,0.0159,0,0
没有什么好运，几天过去后，不仅没有看到漏洞，而且觉得它日渐增大。,于是他马上拆开床脚，取出了那只小瓶子，瓶子里还有一点红色药水。,0.0891,0,0
他甜蜜蜜地眯缝着有拽枯黄的眼睛，像说绕令似地很快姑哦说:老大别让我睡、着觉！,我发明了一种药剂，可以使得在布片上写字就好象在羊皮纸上写一样光滑流利。,0.0,0,0
什么原则呢？舒宾问。,哼，您的妒嫉心现在几乎让你异想天开了，卡德鲁斯。,0.0369,0,0
这两个人看上去心不在焉，但他们打得又猛又快。,两个人打得很快。,0.5381,1,1
站在我面前的人影，以前我从来没有在桑菲尔德府地区见过。,我说，一定说，玛丝洛娃回答，要不再喝点酒，壮壮胆儿。,0.0552,0,0
手机有啥好玩的单机游戏，求推荐,推荐个好玩的手机单机游戏，谢了,0.9829,1,1
昏昏欲睡的地铁乘客。,愤怒的路人挤进拥挤的地铁。,0.2705,0,0
这就是当时熊的做法。,他们估计我在圣诞节前回家，却不料我会这么早就到家。,0.1631,0,0
1995年2月22日，Reich在联合经济委员会就最低工资问题作证。,Reich在2017年2月22日谈到了最低工资。,0.3433,0,0
一小时以前，我在基度山家里，摩莱尔说，我们正在谈天，他谈论你家里所遭到的不幸，我谈论你的伤心，那时忽然有一辆马车辚辚地滚进前庭来。,见血封喉树—:树汁剧毒，常作箭毒用。,0.0975,0,0
基度山预期摩莱尔一看见他就会痛哭流涕，但他估计错了，因为摩莱尔回过头来，用表面上很平静的态度说:你知道我在祈祷。,先生，我无法给您形容这段时间过得多么快，快得多么惊人，回想起来简直让人伤德语:惊醒狮子将十分危险，老虎牙齿是莫大的祸害，但最可怕的事情却是一个人处于疯狂状态！,0.0773,0,0
请问您是什么时间还款的？,好的，谢谢您了；请问您是什么时间提交的呢？,0.0,0,0
两个人在一条赛道上骑着摩托车互相撞。,两个人在跑道上骑摩托车。,0.4353,1,1
他恨不能有对拥有十万镑年金的父母。,既然这样，唐吉诃德说，上帝也把我解脱了。,0.0328,0,0
因为卡捷莉娜伊凡诺芙娜虽然有满腔宽宏大量的感情，然而是个性子暴躁的女人，爱发脾气，大声骂人。,老头非常激动。,0.0128,0,0
就你能暴露出他另一面,你不认识他,0.0,0,0
当我在尼克松政府任职时，我们在这一周都非常沉默寡言。,我在那里的时候，尼克松政府是非常进步的。,0.0449,0,0
的缔造者，毫无疑问，一定是想把他们的塔尖造得象最高的船桅一样，高耸在亚洲或者非洲的空际；然而在加上最后的顶冠之前，由于他们那塔顶的大石杆，可以说是被上帝一阵愤怒所刮起的可怕飓风一扫，给扫到海里去了；因此，我们不能把这种应给埃及人的优先权拿来送给巴别的缔造者。,虽然他们的前辈——巴别通天塔的制造者，确切无疑，肯定想把他们的塔尖造得像最高的桅杆一样，高耸在非洲或亚洲的上空，然而就在加上最后的顶冠以前，暴怒的上帝，刮起恐怖的飓风，他们那石制的桅杆被刮到了海里；所以，这个荣誉应由埃及人而不是巴别的制造者来享有。,0.4687,1,1
许多人都在室内游泳池里，有一个女孩头朝前跳。,人们都在室内。,0.2131,0,1
我看看他的脸:我有生以来没有见过这样的人。,一阵战栗传遍了拉夫列茨基的肢体。,0.0367,0,0
哎呀！您做什么呀？,哎呀！您这是干什么呀？,0.9739,1,1
康熙年间清穿文,清穿康熙文,0.983,1,1
一个男人坐在笔记本电脑前，两个男人(一个坐着，一个站着)在后台面对面。,三个人争夺一台笔记本电脑的控制权。,0.2976,0,0
我倒想知道这种东西怎么会到《圣经》里去的。,我倒想知道那首诗是怎么被收进去的。,0.0,0,1
一万六千名禁卫军士兵以战备的列队护卫在道路的两旁，把那些愤怒的人群挡在―一定的距离之外，以保证皇帝行跸的安全。,这当儿，州长把他那束玫瑰花放在石板上，戴上书记宫递过来的眼镜，从堆在桌上的档案底下抽出一张斑痕累累的、发黄的羊皮纸，羊皮纸有的地方已经损坏、破碎或者发绿了，上面写满了字迹，看样子以前一定是折得很小。,0.0718,0,0
道格·弗蒂叫了一次暂停,曼宁叫了暂停。,0.3174,0,0
一个金发女人坐在一间灯光昏暗的房间里的桌子旁，她身后有梯子和金属框架椅子。,桌子旁有个女人。,0.3728,0,1
下载手机小说怎么下载,uc浏览器最新版20141209怎么小说不能离线下载了,0.0,0,0
这个帅哥是谁？赵磊吗？,这个帅哥是谁！？,0.9324,1,1
您也没能说服我呀，瓦朗蒂娜说，我得说，要是您举不出别的例子例子倒还有一个，马克西米利安有些犹豫地说，不过说真的，瓦朗蒂娜，我得对自己承认，这个例子比刚才那个还要离谱。,可你的话也没有说服我，瓦朗蒂娜说，我必须说，假如你不能给我更有说服力的证据——马西米兰迟疑地说:我还有一个证据，但是——的确，瓦朗蒂娜，我自己也不得不承认它比第一个理由更荒唐。,0.5173,1,1
求罪恶王冠楪祈高清图片,求罪恶王冠高清图片,0.9638,1,1
这样看来，您事先是一无所知的。,我急忙向她解释，我并不仟在这条街上，只是有时过来看看。,0.1181,0,0
没什么，帕维尔彼得罗维奇代为回答，白白地把你打扰了。,没有什么，伯爵夫人说。,0.3578,0,0
当她同他单独在一起的时侯，她突然感到害伯:那双含笑的眼睛和严厉的神气使她吃惊。,您懂得我的意思吗？,0.0395,0,0
有钱有势,有权有势,0.9787,1,1
——正如在这一带偏僻的乡村里苔丝家里人相互之间总是喜欢以宿命论的观点这样说，眼前这件事情让人觉得可悲。,在那些穷乡僻壤的地方，苔丝自己家里的人总是用宿命论的口气互相不厌其烦地说:这是命中注定的。,0.2739,0,1
一个男人坐在一辆装满蔬菜的手推车后面。,一个人扔棒球。,0.0,0,0
我走到干草棚里，躺在刚刚割下、但几乎已经干燥的草上。,我好容易走到一个干草棚里，在一堆刚刚割下但几乎已经干祜的青草上躺下。,0.969,1,1
邓格拉司夫人在狄布雷的耳朵旁边低声说了几句话，狄布雷就走过来对基度山说:男爵夫人想知道您为了那两匹马付了多少钱给她的丈夫？,他知道这是最后的回光返照，于是走近了那个垂死的人，脸上流露出了镇静而忧郁的神色，弯下腰去轻声说道:我是我是他那几乎是闭着的嘴里轻轻地吐出一个名字，声音低得好像连伯爵自己也怕听见似的。,0.0092,0,0
一个年轻的女人，穿着金属紫色的衬衫和黑色的裤子，站在一个干涸的游泳池里，摆着瑜伽姿势。,她在做交叉练习。,0.0993,0,0
是的，他全知道，全明白，他说这话等于告诉我，虽然丢脸，但必须忍受。,是的，他都知道，他都明白，他说这些话是在告诉我，虽然我感到羞愧，但是我必须克服羞愧心情。,0.9683,1,1
现在广东或者浙江海鲜市场大螃蟹是什么价格,今年螃蟹价格会涨吗？为什么现在的价格这么低？,0.0,0,0
意思是人人都能干。,没有，默德斯通先生，我没使任何可爱的人痛苦惊恐得早早进了坟墓！,0.0,0,0
公共汽车旅游带你到大的景点，但不可避免的是在他们最忙的时候。,公共汽车旅游把人们带到景点，当他们不忙的时候。,0.4438,1,0
他在爱德华那儿，爱德华也不大舒服。,他在爱德华房里，爱德华有点不舒服，德维尔福夫人说，她无法再回避了。,0.5638,1,1
小船继续前进，他只是想念着美茜蒂丝。,他把这些东西都送到一个年轻的木材商那里，此人是他的朋友，名叫富凯，住在俯瞰维里埃的大山里。,0.0395,0,0
充电展示器温过低,手机显示温度过低，但充电显示充不进电,0.0,0,1
哦，这还算不了什么，我心里说，你那点儿古板难不倒我，我可要好好试试身手。,我们给打败啦！,0.0442,0,0
一个背着背包的男人正在攀岩。,一个人在路上慢跑。,0.0,0,0
一位身穿紫色上衣的女子在雨中行走，手里拿着一把白色和红色的雨伞。,有个女人在做饭。,0.076,0,0
可是果真是这样吗？,连老爹一家七口下地干活。,0.0355,0,0
可怕的事情终于发生。,你到底想说什么？,0.0,0,0
我被你嫌弃了吗,你是不是嫌弃我,0.9549,1,0
一只狗和一个女人坐在户外咖啡馆里。,一个男人和一只猫坐在室内。,0.0258,0,0
有两个人参与了剑战。,两个男人在睡觉。,0.0,0,0
他们都是在幵完支部会，听了简单的传达之后，就直接到这儿来的。,残废军人疗养院的时钟敲打十一点三刻了；西风顺便带来了三下凄凉的、颤抖的钟声。,0.1037,0,0
很好。娜塔莉亚瞪了一眼。,娜塔莉亚皱着眉头。,0.5566,1,1
恰恰因为这个缘故，管家的信令他感到不快。,村子里有一家客店，是由一个上了年纪、身材拫胖、有着非黹粗的白脖子的，、坛，寡妇开设的，聂赫留朵夫在那里烘干他的衣服，，在装饰着大量的圣像和画片的清洁的土房里喝够了茶，就匆匆忙忙赶到旅站去找押解官，谙求他准许会风玛丝洛娃。,0.1084,0,0
在健身房里拿着球拍的亚洲女孩。,那个亚洲女孩在用球拍。,0.5766,1,1
咸蛋超人和奥特曼是什么关系？,咸蛋超人与奥特曼有什么关系,0.9808,1,1
经纪人和电子现金服务将会从中得到一分钱。,一分钱给经纪人和电子现金服务。,0.9364,1,1
有酒窝或梨涡吗,这个是什么窝？是酒窝还是梨涡啊,0.0362,0,0
另外还有肥壮的油光水滑的马，依毛色归类，盖着各种颜色的马衣，用短缰绳系在髙高的架木上，胆怯地往后边斜眼望着它们的马贩子老板手里的、它们十分熟悉的鞭子；草原贵族们从一两百俄里外送出来的家养的马，由一个衰老的马车夫和两三个迟钝的马夫监视着，摇晃着它们的长长的脖子，躲着脚，不耐烦地哨着木桩子；黄褐色的维亚特种马紧紧地互相偎依着，尾巴波浪形、蹄上毛的、臀部宽阔的跑大步的马，有灰色带圆斑的，有乌黑的，有専红色的，都像狮子一般庄严稳健地站着。,忽然，有一天，请您想像，阿丽娜——她名叫阿丽娜——没有禀告就走进了我的书房，——扑通一声向我跪下了。,0.0628,0,0
费多西娌是米库里诺人。,菲多西亚是米库里诺人。,0.9573,1,1
我？弗丽达问，眼睛仍旧没有离开窗外。,怎么！这个女人还跟他说你呢！,0.0159,0,0
一只狗在高高的草地上奔跑，背景是一个穿红色衣服的女人。,一个女人正在靠近一只狗。,0.1555,0,1
她向楼梯走近几步，听了一下。,她走近楼梯，听了一会儿。,0.9183,1,1
显然会议已将近结束了。,这时，热尔维丝对她说:花喜儿的下落怎么样，没人知道吗？,0.0,0,0
他刚从大学毕业，虽不自命不凡，但总以为比别人知道得多。,还看见了那个住在列辛斯基家里的德国中尉的勤务兵正在刷他长官的衣服。,0.0023,0,0
我们瞧着吧，我们瞧着吧，他暗自反复说。,有一次，他删去了整整一封信的内容，只保留了上款亲爱的玛丽，并在信笺下方写上:我苦苦地思念着你。,0.1582,0,0
他抬起眼来，沉思地看了看大家，微微一笑，拿起帽子。,每走下一级，光明就仿佛熄灭了一点似的。,0.0418,0,0
一分钟前脑袋沉重和四肢软弱的感觉顿时消失了。,既然已经开始，那就让它开始吧，让它和新生活都见鬼去吧！,0.0,0,0
还有一个我想看的是呃和狼跳舞,我想看“与狼共舞”。,0.952,1,1
那一天——做新娘的日子，无法推迟地到来。,接着来的那一天——结婚的日子不会推迟；为它的来到所作的一切准备都已就绪。,0.506,1,1
昨天我跟他们争得不可开交，而且等着你来。,这种做法类似古时候的海员们所说的尽链泊错。,0.0,0,0
在那里你会发现一些最壮观的风景在这个国家，崎岖的山脉，陡峭的，树木茂密的河谷，深湖，以及迷人的村庄和一些著名的豪宅和花园。,你会看到该国崎岖的山脉、深邃的湖泊和著名的豪宅。,0.5163,1,1
我也会参加医师学会，有权使用著名的哈韦在一六五二年建造的图书馆，能够走进圆屋顶的亭子里工作，从那里可以望见伦敦全城！,我也会变成医学院的博士，得到使用名医贺浮在一六五二年建筑的图书馆藏书的权利，并且可以到那个俯瞰伦敦全城的圆塔里工作了！,0.731,1,1
求《百日的蔷薇》漫画全集！,求漫画《百日蔷薇》全部,0.9858,1,1
我是借呗为什么没有额度,借呗为什么现在没钱了,0.7233,1,1
众目睽睽，他们的脸色都是可怕的、严峻的、含讽带讥的、憎恨的。,这个野蛮人却有着他的风雅之处。,0.1812,0,0
你可以再过五十年，在某个天色漆黑的时候拿一把溜冰鞋钥匙放到我手里，我还能说出是什么。,我们头顶上是尖形双拱屋顶，木雕贴面，天蓝色彩绘，装饰着金色百合花图案；我们脚下是黑白相间的大理石地面。,0.0,0,0
现在您亲眼见到他了。,听到这个问题，她坐起身来，挣开了眼睛。,0.0516,0,0
一个穿着黄色衣服在荒野里骑自行车的人。,一个男人在开车。,0.4897,1,0
万能游戏修改器在哪下载？,安卓软件游戏修改器哪个最好？,0.0,0,0
设计公司起名,给设计公司起名,0.9796,1,1
水冲了出来，渗进了支柱周围的地面。,水渗进了支撑柱周围的地面。,0.8183,1,1
玩玩具的狗。,狗死了，没有玩具,0.1473,0,0
天哪我对这件事能做什么呢？,苔丝过于悲伤，再也说不下去了，就软弱无力地瘫倒在一把椅子上。,0.0,0,0
现货白银走势分析图怎么看？,如何分析现货白银走势？,0.9619,1,1
一个人认为没有人在旁边倾听，就会自言自语起来。,当然喽，我是不会来的。,0.0,0,0
也许她就在那里，在那中间！,另一张是一个女士服饰商开具的三十七镑十五先令的发票，开发票的人是邦德街莱苏丽尔太太。,0.0395,0,0
她回答说:我怎么会干出那种事来？,她说:我怎么起意的？,0.001,0,1
目前的结构围绕着陵墓是由一位希腊东正教建筑师在19世纪设计的。,耶稣基督是他自己坟墓的设计者。,0.356,0,0
十一点提醒我,十分钟提醒,0.9837,1,0
但他对自己说:不如让他不知道，他反可以安静一点儿。,相反，勋座，在胜负未定的战斗中，谁更顽强，胜利就属于谁，拉耶夫斯基回答说，我的意见凯萨罗夫！,0.1032,0,0
所以毫不足怪:这班爱好文艺的绅士们对俄罗斯文学——尤其是戏剧文学，也大加赏识《雅柯勃萨纳扎尔》就是为他们写的:已经被描写过一千次的、不为世人承认的天才们对人类及全世界之间的斗争，照样使他们感动到心灵深处。,咱们最好等太阳出来了再比试，而且咱们比试还应该有个条件，那就是输者以后得听赢者的，让他干什么就得干什么，只要不辱没他的骑士身份。,0.0342,0,0
他喘着气说，哆嗦着，握住她的手不放，那样子象是需要她的扶持似的；他的眼光羞怯地在她身上打转，那一双大蓝眼睛已深深地陷了进去，他本来那种没精打采的神情，现在只剩下憔悴和凄凉了。,如果我成饯人，我就要把你送太读。,0.0837,0,0
包什在这种时候大都是要求喝酒，喝完了酒，站起来，又起劲地大声呼喊猎狗了。,他用顺从的温柔的眼光望着她，吻了吻她的手，立起身来，于是，默默无言地在凉台上来回走着。,0.0,0,0
几乎就在墙角的地方一个坐在军大衣上的老兵目不转睛地看着罗斯托夫，这老兵脸色发黄，瘦得皮包骨头，表情严厉，留着灰白色的大胡子。,第二天晚上，全家在两个老人房间里喝茶。,0.044,0,0
消防队员抬起头来看着其他消防员。,消防队员盯着手头的任务。,0.3971,0,1
哪里可爱,我哪里可爱,0.9191,1,1
在俗人士费伊、托奎克等等。,你还不知道吗？,0.1631,0,0
海鸟被老式灯塔的火光吸引，飞过去，一直冲进塔里，跌落在火焰中，又跳起来，仿佛黑色的精灵在地狱里作垂死挣扎；有时，它们也跌到火红的铁笼外面，落在岩石身冒着烟，跛了脚，瞎了眼，像被灯火烧得半死的飞蛾飞出火焰以外一样。,他能够有这样的自制能力非常难得！,0.222,0,0
嗯！现在你懂了吧，妈！,嗯！现在你明白了吧，妈！,0.9755,1,1
是的他回答说。,知道。老人回答。,0.1623,0,1
他吻了一下爱格妮的面颊。,三月来临，但平和无异。,0.0,0,0
丽达不大相信地听着，接着又问:托卡列夫同志，你说的是真话吗？,看到街道，看到城里已开始出现的热闹景象，于连感到很舒服。,0.003,0,0
他有勇气和狡猾，但他的血液不是我们想要的马驹在这个范围内的一条线。,他的血在这个范围内是非常需要的。,0.0794,0,0
大家都想让对方听见，但他们的声音相互干扰，因此大家都放开嗓门叫，要压倒别人的声音。,你小时候可不是个美人啊。,0.0208,0,0
余额宝里有钱花呗就可以自动还吗,怎么设置借呗自动还款 还款日在余额宝里扣钱,0.0,0,0
一位老年妇女看上去心烦意乱，一位老人在幕后。,前景是一位老年妇女。,0.4315,1,1
它是可以量化的。,它可以用数值方法测量。,0.0296,0,1
尽管以前有过不愉快的事，阿玛丽雅伊凡诺夫娜这次也接到了十分尊敬的邀请，所以她现在忙着干活，几乎觉得十分快乐。,就连阿玛莉雅伊凡诺芙娜，虽然以前跟女主人闹过纠纷，这次却也受到邀请，而且女主人极其尊重她，因此现在就由她来掌管和操办丧宴的事。,0.9378,1,1
一个年长的男人和女人在一间储藏室里用电脑。,只是一个空房间,0.041,0,0
我们也不可能再看到许多像他那样的人了，因为培养他那样的人的时代跟他一样死掉了。,梦中别忘了你家乡的姑娘，她也会梦见你。,0.0273,0,0
英语六级高频词汇以及词组,英语六级高频词汇带有音标,0.0,0,0
"你不理财,财不理你","“你不理财,财不理你”是谁说的？",0.3765,0,0
四个男人穿着绿色衬衫和黑色裤子在街上摆姿势。,女泳装模特在建筑物旁边摆姿势,0.0062,0,0
桃李满天下中的桃李指的是什么,桃李满天下的桃李指什么,0.9854,1,1
事情是很清楚的。,事情的结局是出乎意料的。,0.0265,0,1
老板娘也仅仅是漫不经心、毫不惊奇地瞥了一眼。,老利特克下令埋伏好，自己就在桌子旁边翻看起搜到的材料来。,0.1373,0,0
就在这时聂赫留朵夫开始吸烟喝酒，他不再感到不愉快，甚至觉得轻松自在了。,在这段时期里聂赫留朵夫开始吸烟和喝酒，很快就不再体验到那种不愉快的心情，甚至感到颇为轻松了。,0.9674,1,1
圣约翰手里捧着一本书——吃饭时看书是他不合群的习惯——他合上书，抬起头来。,圣约翰拿着一本书——吃饭时看书是他的孤僻习惯——关上书，头一抬。,0.9785,1,1
一个人正在平衡他头上的物体。,一个人头上有东西。,0.3829,0,1
人神共愤,民怨沸腾,0.1827,0,1
两个人一直互相瞧着。,那火焰照亮了百步之内的海面。,0.0031,0,0
一个拿着银色手提包的女人在午餐柜台排队等候。,那个人在餐馆里。,0.4474,1,1
我回答。行，圣约翰先生十分冷淡地说。,最关键的是，它道明了枪的用途。,0.1199,0,0
而我的那件紫色长毛绒衣服，几乎还从来没有从柜子里取出来穿过。,于是他的谈话进行下去，那声音与原来的大不相同，甚至于他的颜容也没有变得这样厉害:基督的新娘用我的血，用利纳斯或克利德斯的血育养长大，并不是为了用她来获得金钱；西克斯塔斯和庇护，克利克斯塔斯和乌尔班，在流了许多眼泪后流了血，都是为了获得这欢乐的生命。,0.0846,0,0
一个中年男子骑自行车穿过一个城市的街道，他的篮子里装满了报纸.,一个人拿着装满报纸的篮子骑自行车。,0.5756,1,1
龙骑兵很久未能把这个浑身是血、被打得半死的人解救出来。,龙骑兵好久才把那个被打得半死的、血淋淋的工人救出来。,0.9715,1,1
那些在法律上吹毛求疵的人说，这不是性的问题，而是伪证的问题。,法律上挑剔的性取向而不是伪证。,0.0282,0,0
我不知道吗,我不知道啊,0.9657,1,0
二维码付款不能用花呗,我去超市用花呗扫二维码不能用,0.0284,0,0
他见那位年轻的小姐被他这一乖谬的举动吓得离开了座位，便说:嘘！,多洛霍夫说。行啊，皮埃尔说，仍然微笑着。,0.262,0,0
一一你想干什么？,唉，亲爱的，你怎么能这样呢怎么能动刀子我说了完全发自内心的，而且我完全懂得的话，我对她说，我尕死继父，然后我也杀死肖己。,0.0,0,0
严肃容纳激情，并将激情净化，使冒昧在书中发问之变得完美高尚。,你的母亲马利亚停在十字架的脚下，但贫穷却同你一起登上十字架，并且抱住你。,0.0904,0,0
女神！格温膂兰我爱你熊喃喃地说:我有的是做祖父的愉快人从车了底下走出来，挨次走到各人面前，不打扰任何人，也不要人注意它，伸出舌头到处乱舐，一会儿舐熊的粗大皮鞋，一会儿舐格温普兰的外套，一会儿舐女神的袍子，一会儿舐席子。,人从车子底下爬出来，悄悄地围着每个人转，它不让人家注意它，一会儿舔舔熊的大靴子，一会儿舔舔格温普兰的上衣，一会儿舔舔蒂的长袍，一会儿舔舔垫子。,0.1447,0,1
大客厅里满是客人，门口不断有人进进出出；每一次有人进出，门被打开时客厅里的灯光就照在苔丝脸上。,她的心情就突然平静下来，头也不晕了，白兰地带来的醉意也没有刚才那么浓了，她本来没想到要答应和他结婚。,0.0393,0,0
一男一女坐在灯光明亮的舞台上。,一男一女坐在一组明亮的座位上。,0.2247,0,1
然而，这种奇异的景象、这种介乎房舍与坟墓、城镇与墓园之间的可怕幽室，这个斩断尘缘、已经列入死者圈子的活人，这盏在黑暗中即将耗干的油灯，这个在地穴里摇曳残喘的生命，这种气息、这种声音，这种在石头匣中终生的祈祷，这张永远转向另一个世界的面孔，这双已经映现另一颗太阳的眼睛，这颗囚禁在这肉体中的灵魂，这个囚禁在这地牢中的肉体，而在这肉体和岩石的双重外壳里受折磨的灵魂的絮语，这一切，今天我们都会深长思之，而当时根本不为世人所理解。,您可以对宗教大有用处，而我，难道因为耶稣会士会在这种情况下采取同样的做法这种毫无意义的理由，就犹豫不决吗！,0.1164,0,0
去看看它的效果和我的看起来真的很好,去看看它的功能和我的看起来很棒。,0.9768,1,1
以前的自由思想家——现在却进起教堂，做起功德来了；以前的欧化人物——现在却洗起蒸汽浴，变得两点钟午膳，九点钟就寝，由一个老家人说着闲话来催眠了；以前的政治活动家——现在却毁掉了自己所有的方案和所有的通信，变得在县长面前战栗，在警长面前惶恐了；以前的有着铁的意志的人——现在却因为生了脓泡就可以痛哭，因为汤冷了就可以诉冤了。,脑壳和颂骨构成了七十二英尺中的约二十英尺，平坦的脊骨占据了剩下的约五十英尺。,0.0826,0,0
可是现在他哪有心思顾到借据，顾到偿还欠款！,俱是他现在哪儿有心思去管什么借据，去管什么追索欠款呢！,0.5942,1,1
当邓格拉司夫人穿着黑衣服，戴着长面纱，不管狄布雷的跟班再三声明他的主人不在家，仍径自登上楼梯，向认定的房间走去的时候，狄布雷正忙着在反驳一位朋友的奉承；那位朋友劝他，在发生了刚才这幕可怕的场面以后，作为那个家庭的朋友，应该与邓格拉司小姐和她的两百万结婚。,当腾格拉尔夫人穿着黑衣服，并且戴着长面纱，不顾德布雷的跟班再三声明他的主人不在家，依旧径自走上楼梯，向德布雷的房间走去时，德布雷正忙着在反驳一位朋友的建议；在发生了刚才那可怕的一幕以后，那位朋友劝他，作为那个家庭的朋友，他应该把腾格拉尔小姐和她的两百万娶过来。,0.0,0,1
如果你有钱的话,如果你有钱的话。,0.9831,1,1
咦，狱卒说，别老去想那些不可能的事，不然，你不到两个星期就会发疯。,可是这些都是废话，都是表面的看法。,0.2189,0,0
自从上次拜访马斯连尼科夫，尤其是回过乡下之后，聂赫留朵夫不仅仅意识到，而且全身心地感觉到他对自己一直生活在其中的那个圈子的憎恶。,可您不应该就这么毁约，马尔塞夫一家人都期望结成这门亲事呢。,0.1122,0,0
两个人站在一起，看上去好像在看什么东西。,男人和其他人在一起。,0.3841,0,1
一个穿着拖鞋的赤裸男孩骑着他的自行车。,这个男孩骑自行车玩把戏。,0.5717,1,1
辛迪，一个中年金发女人，展示了她的烹饪和航海画的两幅不同的漫画。,有人在炫耀插图。,0.0641,0,1
窗帘垂下，可是，他父亲的印象在他的脑子里是这样的生动，以致他对那关着的窗户说起话来，象是它依旧开着而且依旧还可以看见那气势汹汹的老人似的。,现在他心中只有这么一个问题:难道是我让拿破仑到莫斯科来的吗？,0.0053,0,0
一个小孩抱着一只毛绒动物，背着一件黑色的行李，背对着两个人穿着粉红色的衣服。,人们正在旅行,0.0205,0,1
她的语气里表现了那种咬牙切齿的仇恨，那种冷酷无情的尖刻，那种勉强压伏的愤怒，把她呈现在我面前，好像我在强烈的光线里看到她一样。,理想和性这两个本能在他心里斗争。,0.1094,0,0
他把一块厚丝绒布覆盖在我的头上，蜜蜡和乳香的气味扼住我的呼吸，说话很吃力，而且我也不想说话。,因为我就是那个当你还是一个小孩子时就把你抱在膝头上玩耍的爱德蒙唐太斯。,0.0022,0,0
罗莉已经二十二岁了，有着赭色的简便剪成的短发和阔大的脸。,但愿不要有人突然把她惊醒！,0.0,0,0
不要像个妒忌的人那样攻击他们。,难道还有什么比这更好的办法吗？,0.0098,0,0
她的脸和手都异常苍白看样子，您是想跟我们不辞而别吧？,我求你，我恳求你，听我的话！,0.0,0,0
戴着耳机的飞行员在陆地上空飞行。,飞行员头上有东西。,0.3072,0,1
他总算还能够死在自己家里，自己的床上，有自己人围绕在旁边，由自己的医生照料着；但可怜的潘捷列伊所得到的只是一个别索诺沃村。,他总算还能够死在自己家里、自己的床上，有自己人围绕在旁边，由自己的医生照料着；但是可怜的邦捷列所得到的只是一个贝松诺伏村。,0.9831,1,1
一个人在竞技场上试图躲避被一匹马击中。,有人在竞技场上躲避那匹马。,0.5664,1,1
oppo什么手机超级闪充功能,我想关闭OPPO手机的闪充功能,0.0,0,0
财政预算预测的历史应提醒我们不要自满，不要自满地认为，未来10年内一定会出现大量盈余，正如所预测的那样。,预算预测的历史应该提醒人们不要自满。,0.5645,1,1
船老板们在议论那船上的货，海关人员则在谈论这艘船的有关活动。,但维尔福小姐护士犹豫不决地说。,0.3362,0,0
这些是在未知中被观察到的物质存在；去触碰这些光亮，不靑一种可怕的挑战。,因此这儿十分闷热。,0.0599,0,0
是的，但我这次来的目的还不止要做你们的同伴。,他和他的一行人走过去，看到这儿在印刷，那儿在校样，有的人排版，有的人校改，反正都是大印刷厂里那一套。,0.0906,0,0
假如你知道一切的话！,至于她，经过这次谈话，已经取得勇者的地位:倦于生活，服下一剂曼陀罗，顺其自然，万念俱灰。,0.0965,0,0
请你转过身去，像这样挥手叫他走开。,鲍里斯属于后一派，谁也没有他那样善于奴颜婢膝，曲意奉承库图佐夫，而同时又给人以老头子不行、一切都由贝尼格森主持的感觉。,0.085,0,0
在线看电影用什么用什么网站好,有什么好的在线看电影的网站吗？,0.9822,1,1
一个年轻人拿着耳机对着麦克风唱歌。,可以看到一个歌手。,0.1059,0,1
那个穿得破破烂烂的人甚至有点儿困惑莫解地问。,那个衣服破烂的人问，甚至有点儿纳闷。,0.394,0,1
大呼小喝,轻言细语,0.0,0,0
她闭上眼睛，心里默默地表示感激，忘记了人间和生活，听任这位善良的魔鬼把他们带到天上去，她只能这样。,人们在议论着，喊叫着，叹息着；车夫露出手足无措的样子，偶尔重复作孽啊！,0.0296,0,0
全国消防宣传日是在哪一天,春节是几号,0.0,0,0
然后用红笔把它划掉。,用红笔把它划掉。,0.9629,1,1
重要的是人人都将知道我为这次选举出过力，花过钱。,为了使皮埃尔娶自己的女儿所必须做的一切，瓦西里公爵都做到了。,0.0678,0,0
我立刻接受。第一是您决不能告诉任何人说我曾允许您和她会面。,那么，在好桑乔同小羊玩的时候，公爵问，唐吉诃德大人干什么呢？,0.0011,0,0
别有滋味,别有风味,0.9532,1,1
在一九六二年，殖民地当局封闭了与中国的边境，但即使这样，也没有完全阻止下一批来港的是越南船民。,中国关闭了边境。,0.1607,0,0
心地再好的女人，对情敌的痛苦也是毫不心软的。,即使是最善良的女人的心，对情敌的痛苦也是丝毫不会感到同情的。,0.8836,1,1
哦，那会很好的,那种情况不是很顺利。,0.0859,0,0
一对新婚夫妇在婚礼上和客人交谈。,客人们参加了婚礼。,0.351,0,1
四轮马车立即动了一下，它横对着波浪向前冲了冲一抖动着，摇摆着，往前走去起初我觉得，我们在往深处沉下去，但是两三次冲动和下沉，水面仿佛突然降低了它越来越低，马车便从水面上升了起来——瞧，车轮和马尾巴已纤出来；瞧，马儿激起一大片一大片金钢钻般的浪花，不，不是金钢钻般的，而是在据腕的月光下像蓝宝石放射出来的光束一般的浪花，它们共同欢乐地把我们拉上沙岸，竞相迈动光亮而潮湿的马腿，顺着大路往山里走去。,我不知道这是什么。,0.4461,1,0
我考试成绩不理想,考试考砸了,0.0818,0,1
“回你的房间去！”汤米小心翼翼地从梯子后面跳了下去。,汤米鲁莽地爬上梯子的前部。,0.3143,0,0
孩子们偷偷地看着公鸟和雌鸟围在巢旁的一举一动，被它们相互追逐的热乎劲儿迷住了，忘记了回去的时间。,孩子们偷偷地看着公鸟和母鸟围在巢旁的一举一动，被它们相互追逐的热乎劲儿迷住了，忘记了回去的时间。,0.9699,1,1
她的眼睛干涩如焚，半晌没讲话，只是在小屋里大步走来走去，不时停一停，扯下一缕斑白头发，用牙齿咬断。,庆幸没有什么损失，只是魁魁格让大鲸的尾巴扫掉了帽子。,0.018,0,0
但是法国的那些以前机灵和高傲的执政者们现在觉得他们的戏演完了，显得比他还要慌张，说的不是他们为了保持政权和消灭他而应该说的话。,但是，从前精明而骄傲的法国统治者们，这时觉得他们所扮演的角色已经演完，比他更狼狈，这些人现在说了一些不是他们为了保持权力和消灭他应该说的话。,0.264,0,1
那么怎么样呢！,但是我走了不过一百五十码左右，便听到我背后传来一声可怕的喊叫，于是我便赶快再跑回去。,0.1321,0,0
我下跪过了你们的旅馆到了，单就这一点来说，罗季昂不久前撵走了你们的彼得彼得罗维奇，是做得对的！,彭斯服从了。她从小书房里出来的时候，我细细地瞧瞧她；她刚把手帕放回她的口袋，瘦削的脸蛋上还有一丝泪痕在闪闪发光。,0.0339,0,0
就在东边是新艺术风格的维也纳帕拉西奥酒店(Hotel Palacio维也纳)，这是一座鬼楼，如果有的话，那是一座令人难以置信的腐朽建筑。,维也纳帕拉西奥酒店有一种新艺术风格。,0.2995,0,1
离拱道进口大约十来步光景，紧靠马路旁边，有一所孤零零的小房子两年以前，小房子上面落过一个炮弹，内部全被炸坏了，正面成了一片废墟，现在它还像一个张着大口的乞丐，坐在路旁现出一副穷相。,离拱道入口大约十步的地方，紧靠公路，有一所孤零零的小房子。,0.2465,0,1
骠骑兵中校便问服装漂亮的勤务兵，这个勤务兵带着总司令的勤务兵们和军官谈话时特有的轻蔑语气对他说:什么，殿下吗？,那个勤务兵带着所有总司令的勤务兵跟军官说话时都具有的特别蔑视的腔调对他说:什么，勋座大人吗？,0.0321,0,1
也许他还在睡觉，在这一片吵吵嚷嚷声中居然还睡得着，说明他是一个睡觉很正常的人，可他为什么没有收到任何档案呢？,我是法里亚神甫，他说，如您所知道的，我在一八一一年成了伊夫堡的囚徒；在这之前我在弗内斯特雷尔堡被关过三年。,0.2445,0,0
两辆摩托车跳过一座泥泞的小山。,两个小丑骑着一辆独轮车，让所有的孩子都笑起来。,0.0158,0,0
他是渔夫，可是他又不仅仅是渔夫。,虽然洛塔里奥都同意了，可目的同安塞尔莫完全不同。,0.1022,0,0
他知道万德迈耶太太就要出国了，仆人们已经走了。,仆人还在这里。,0.3266,0,0
下载安心记加班,你可加班,0.0,0,0
在这种病就要发作的时候，劳瑞先生问，假如他能想法让自己把心头的隐痛向什么人吐露一下，他是不是就会感到明显地轻松了呢？,我这么快就领悟了似乎让他很快活，他往下说道:喏，我认为主要，由于她处于一种不安定状况中，你知道。,0.0688,0,0
然后他又抱住石头，只一滚，就把它滚回原来那个方向，刚好落到原处，只不过稍稍高出了一点儿。,接着他又抱住石头，一下就把石头扳回来了，石头恰好扳回到原处，只是稍微搁得高了点。,0.5852,1,1
这种说法有着犹太人的味道，自治的太阳从西北方冉冉升起。,这个字母念——啊兹。,0.0,0,0
有一大，是星期六，清早我就到彼得罗夫娜的菜函里去捉灰雀，可那些挺着红肚子的灰雀爱摆架子，就是不进我的圈套；它们弄姿作态，在镶银似的雪面冰上贪玩地走来走去，或跳上被霜暖暖裹着的灌木从的树枝，悠悠地晃荡着，树枝上星星点点地洒落下蓝昔堂的雪花，像一朵朵开着的鲜花。,有一大，是星期八，清早我就到彼得罗夫娜的菜园去捉灰雀，可那些挺着红肚子的灰雀爱摆架子，就是不进我的圈套；它们弄姿作态，在镶银似的雪面冰层上贪玩地走来走去，或跳上被霜暖暖裹着的灌木丛的树枝，悠悠地晃荡着，树枝上星星点点地洒落下蓝莹莹的雪花，像一朵朵开着的鲜花。,0.9672,1,1
谁的马鞍呢？有两个哥萨克人住在我们家里，我把他们的一只老马鞍的皮子割下来，做我的鞋底，那哥萨克人便把我带到这儿来。,卡德鲁斯问，他兴奋得有点糊涂了。,0.1674,0,0
若是我还讲不清楚，您再来订正，我是很公孙的我不明白，桑丘，堂吉诃德马上说道，不知道我是很公孙的是什么意思。,我给你带个什么回来呢？,0.0,0,0
屌丝如何逆袭,屌丝要如何逆袭,0.9828,1,1
这是一张两男一女在新闻发布会或会议上的照片。,我看着格林。,0.0114,0,0
天天酷跑叉叉助手怎么设置,叉叉助手天天酷跑怎么设置,0.986,1,1
绿林女头领乌斯达是伏尔加河一带传说中的女英雄。,；伏尔加河带传说中的女英雄代说中批纪埃及的荡妇，改邪卜::打死吧？,0.0,0,1
不过他又为自己辩护:难道恢复自的权利，收回自己的财产，接受应得的遗产，回到己的房子里，以贵族身分重新占据袓先原有的席位，以孤儿身分恢复使用父亲的姓，这是很大的错误吗？,这当儿，他自己盘算着，一个人收回自己的权利，接受自己的产业继承权和自己的房屋，一个贵族接受自己祖先的爵位，一个孤儿接受自己父亲的姓氏，难道真的是十恶不赦吗？,0.1476,0,1
我的计划有可怕的成份，令我畏葸不前。,桑乔一见到公爵夫人，就把自己猎装被撕破的地方指给她看，并说道:如果这次打猎我们只遇见野兔或者飞禽的话，我的猎装也不会被撕成这个样子。,0.1514,0,0
打开短消息,读短信息,0.9601,1,0
英国旧金币，一畿尼合二十一先令。,可是假如那个人带着这个玩偶走来坐在他所爱的人面前，而且开始爱抚他的玩偶，一如那位情人爱抚着他所爱的女人一样的时候，那位情人一定会很不愉快的。,0.1294,0,0
2.在拥挤地区中间的年轻人正在演奏音乐。,人群中的人听到正在播放的音乐。,0.5913,1,1
我又哭了！别管我这个傻瓜咬呀，上帝啊，我怎么光坐着啊，她喊了一声，很谈站起来，有咖啡呀，我竟不给你喝咖啡！,她是想用这最后的而且绝望的目光看出，而且抓住哪怕是最后的一线希望。,0.0208,0,0
桑丘还以为是天空塌了直奔自己的头顶碰了下来，被吓得赶忙弓起身子将脑袋藏进了裤裆里。,我听说有位夫人向一个星卜家请教，问她养的那只小哈巴狗会不会怀孕生小狗，一窝能产几只什么毛色的狗。,0.0,0,0
玩滑板戏法的孩子和骑自行车的大孩子。,年纪大的孩子们在滑板上,0.3373,0,0
殖民主义的回声在火车站明显可见，它的摩尔式建筑让人想起吉隆坡的中央车站，在当地被称为泰姬陵；附近是Majestic Station酒店。,火车站在当地被称为泰姬陵。,0.124,0,1
凡人都有一死，身边很近的地方有个声音说，但并非所有的人都注定遭遇慢慢挨的早死。,人总是要死的，近旁的一个声音说道；但并不是所有人都注定要遭到不爽快的早死，像你这样，如果你在这儿因为贫困而死去的话。,0.5186,1,1
马格尼茨基则取笑起斯托雷平的激烈态度来。,因为他每天早上都要空腹喝他一杯，这个习惯还是在军队里养成的。,0.0472,0,0
怎样让指甲变好看？,指甲怎么修好看,0.9383,1,1
我觉得外婆的上帝我懂得，也不可怕，似在外婆的上帝面前不能扯谎，说虚感到可耻。,就跟我同你说起过的那个生不了孩子的处女一样。,0.0236,0,0
请关掉手电筒,请打开手电筒,0.0,0,0
国王们不喜欢别人打断他们的侍从们的腿。,客人不多，或喝酒，或不喝，或站着，或坐着。,0.0,0,0
溜冰场上的一个人。,那人正坐着呢。,0.0447,0,0
朋友借钱忘了还，怎么开口找他要？,朋友借钱，不好开口要他们还这么办？,0.0,0,0
有两个人在攀岩，一个在地上，另一个在爬。,喝果汁的男人。,0.0223,0,0
你或许也可以活到一百零七岁的。,逮不着，你弄到了什么？,0.0,0,0
有个看守看见这景象，告诉我，说洛靖斯基没有反抗，罗卓夫斯基却挣扎了好半天，因此他们只好把他拖上绞架，硬把他的脑袋塞进绳套里。,他本可以狠狠一拳将她击倒，可他下不了手，只愿扭打。,0.0814,0,0
卡秋莎的生活，从尸体鼻孔里流岀的脓液，从眼眶里露出来的眼球，他对她做出的行为——这一切在他看来，都属于同一类的东西，他正在被这些东西从四面八方所包围，并被它们所吞食。,卡秋莎的生活、从尸体鼻孔里流出来的脓液、从眼眶里暴出来的眼球、他聂赫留朵夫对待她的那种行径，等等，依他看来都象是同一类的东西。,0.6731,1,1
“问题”的意思是什么？,问题是什么意思？,0.9765,1,1
一个男人在斜坡上表演自行车魔术。,那个人在滑板上。,0.0287,0,0
这门亲事，维尔福夫人又说，伊辟楠先生和他的家庭也是很乐意的，而且，他也没有什么近亲，只有一位叔父和一个婶娘，他的母亲是他落地的时候就死了的，他的父亲在一八一五年遭人暗杀——那就是说，在他只有两岁的时候。,他母亲在他落地的那会儿就死了，他父亲是一八一五年那时候给人暗杀的，当时这孩子才两岁，所以，现在他完全可以自己拿主意。,0.4871,1,1
当时为了你我伤心痛哭，他听见了就恶言恶语地挖苦我，还用脏话骂你，我听不下去就把他杀了。,她从来都不要我。,0.0,0,0
这时候她的脚脖子完全好了，举止也文雅起来了。,有什么办法呢，孔斯坦丁拿尔基则奇！,0.0,0,0
一场曲棍球比赛正在进行中，一名叫“大卫”的曲棍球运动员正试图在对守门员的比赛中得分。,一个人在做运动。,0.4391,1,1
她是谁？巴扎罗夫不乐意地问。,这是谁？巴扎罗夫不乐意地问了一旬。,0.9348,1,1
拉夫列茨基回到客厅里来，走近了牌桌。,聂赫留朵夫把自己的名片和一张写着有私事求见的字条递过去，请他转交给押解官。,0.133,0,0
让他们气疯好了，布伦特说，我们两个对付得了他们。,信仰有着一种不知什么怪诞的形式的需要。,0.0273,0,0
马尔达里阿波洛内奇管理自己的庄园相当马虎；为了不落后于时代，十年前他在莫斯科向布杰诺普工厂买了一台脱粒机，回来后把它锁在板棚里，从此便万事大吉。,马尔大利阿波洛内奇处理自己的领地非常注重表面；为了要不作时代落伍者，大约十年前他就向莫斯科的布捷诺泼公司买了一架打谷机，把它关闭在储藏室里，这就安心了。,0.7134,1,1
或许，尤其是在跟您相会的时候，这是一种错误，但假如我没有一点幻想的话，我就不成其为艺术家啦。,或许，特别是在跟您见面的时候，这也许是一个错误，但如果我没有一点幻想的话，我就不成其为艺术家啦。,0.9711,1,1
费尔法克斯太太，我发现，赞成我这样做。,打动她的心，成为她下定最后决心的原因之一，那就是领家对她说，她想做什么样的衣服就可以做什么样的衣服，不论是丝钱的、费伊绉的、绸缎的衣服或是袒露肩膀和胳膊的舞衫，一概能做。,0.0964,0,0
买股票能赚钱吗,买什么股票可赚钱？,0.0287,0,0
可是，因为爱决不会使眼光离开其主体的幸福，所以万物都不会憎恨自己；因为不可能设想任何存在物是离开最初的存在物而独立的，所以一切被造物都不可能僧恨他。,如今且说，既然爱决不能掉转脸去，把它的主体的幸福置于不顾，一切万物都没有憎恨自己的危险；而且我们不能想象一个造物脱离至高的造物主而单独存在，因此一切情感中断无恨上帝之心。,0.4513,1,1
孕妇可以吃螃蟹吗,怀孕能吃黑米吗,0.0,0,0
您好，已经帮您暂停的了，辛苦您了,这边已经帮您加急的哦，您尽快处理就可以的了，辛苦您了。,0.0,0,0
那好，就算这样，达德尼昂说，这封信就由您来写，阿拉密斯；不过，看在教皇圣父的份上，您要当心才是，因为现在该轮到我来挑眼儿了，我这可是有话在先。,您是我的朋友吗？,0.0009,0,0
可以的，您可以尝试自己修改下的，您无法修改的，这边可以帮您人工修改的。,您好，小二建议您可以操作申诉，但是申诉成功您自己的账户也会无法使用的,0.0,0,0
他们干吗非要守在旁边看着自己的儿子断气呢？,但不管怎样，他们干吗要看着他们的儿子断气呢？,0.5742,1,1
谁知道哪里可以去看电影！,谁知道哪里可以看这个电影？,0.9665,1,1
“我得回家了，”卡丹说。,卡丹说他必须回家。,0.3519,0,1
这些都是空话，亲爱的先生，伯爵说，您去讲给一个偶然遇到的人听听还差不多；但是德莫尔塞夫伯爵不是样的人当一个像他这样的人去找另一个人，提他说话要算数，而那个人却想赖账的时候，他是有权利要求对方至少当场说出一个像样的理由来的。,他请我星期六到他那儿吃饭，对他来说，这不过是一件极其自然的事情。,0.1804,0,0
一个穿着白色连衣裙的女人坐在一个穿着晚礼服的男人面前，两人都在树前。,那个女人穿白色衣服,0.2433,0,1
玛芙拉，我说得对吧？,他对娜塔莎的爱情、敌基督、拿破仑的入侵、彗星、、拿破仑皇帝以及俄国人别祖霍夫——所有这一切都必然成熟，爆发，把他从那个着了魔的、充满了莫斯科习气的他觉得他是这种习气的俘虏、毫无价值的环境中拯救出来，使他走上建立丰功伟绩和得到伟大幸福的道路。,0.0861,0,0
您不信也没关系，可我知道我说的都是实实在在的事悄:我瞧见一个白色的人影；而且，仿佛天主生怕我单凭一种感官的感觉还不能相信似的，我还听见了我的杯子挪动的声音，瞧，瞧，就是放在桌子上的这只杯子。,可是有句俗话说:十字架的后面往往藏着魔鬼，送它到火里吧。,0.0393,0,0
我要听猫的声音,打开听音乐放个屁,0.0,0,0
既然她那忠贞、美丽、诚实与姻静已经成了你垂手而得和取之不尽的财富的矿床，你何必还要冒着一切尽失的危险深挖狠掘以寻找新的、从未见过的珍宝的脉络？,每分钟我就要点一次灯，熄一次灯！,0.0,0,0
一丝满意的微笑掠过波克的厚嘴唇。,他不安地说。好吧，小姐，再见。,0.1428,0,0
手机淘宝评价怎么看,手机淘宝怎么改评价，,0.0034,0,0
上哪去呢我,我上哪去,0.9806,1,1
若无其事,谣传,0.3088,0,1
信上是这样写的:唐吉诃德德拉曼却致巴拉塔里奥海岛总督桑乔潘沙的信桑乔老朋友:我本来以为会听到从你那儿传来的你办事粗心，粗莽失礼的坏消息，没料到传来的却是你处事机警的喜讯。,我选择了后一种方法，决定离开这所公寓，找一个比较便宜的地方去住。,0.0,0,0
还有其他不太容易打印的押韵。,还有其他更多可打印的押韵。,0.9528,1,0
她想起许多人，唯独没有想起聂赫留朵夫。,倘若从上面那个有关两只丑陋动物的词得出结论，说勒蒂埃利不愿让他侄女出嫁，那就错了。,0.0,0,0
穿着粉色连衣裙、围巾和头巾的女婴把手按在玻璃窗上，透过玻璃窗看了看，为什么拿着玩具，还在吸吮奶嘴。,一个孩子望着窗外。,0.137,0,1
一会儿，两个人又进来了。,拉斯托普钦伯爵担心一八一二年的莫斯科的公共治安有什么根据呢？,0.0,0,0
媳妇我爱你呀,我很爱你,0.0123,0,0
洞隐烛微,洞幽烛微,0.9651,1,1
我虽然喜欢他，但他说的话我十句倒有八句摸不着头脑。,接着，谢廖沙参加了县代表大会，会上进行了两天热烈的争论。,0.0295,0,0
说完，伯爵夫人离幵弗朗兹，让他拿不准究竟她是在拿他开玩笑，还是如她表现的那样，真的感到害怕。,我早就知道她爱偷东西，阿玛莉伊凡诺夫娜把双手一拍，说道。,0.0655,0,0
总之，我的结论是爱得不深、没有头脑、野心太大和贪图荣华等等因素使她骗了我、耍了我，让我空抱热望和一往情深。,有些人极力评论刚发生过的事，有些人争吵和相骂，也有人唱起歌来。,0.0,0,0
铺子里老板娘打算把她侄女嫁给掌柜，因此他俨然把自己认做这个店铺和所有人的主人。,老板娘准备把自己的侄女儿嫁给掌祀，因而他俨然以家居。,0.0,0,1
一个穿着橙色背心的人在火车上工作。,一个人在飞机上工作。,0.0196,0,0
老百姓却不能领会这种微妙的分别，他们认为这是一种特别可怕的办法我们不应该忘记，一七五年甚至更后一些时期的英国，和原文是拉丁文我们今天的英国是大不相同的。,我们不要忘记，当时的英国并不是一七○五年的英国，更不是很久以后的今日的英国。,0.2907,0,1
你瞧，都堵住了，所以转不快。,先生，我无法给您形容这段时间过得多么快，快得多么惊人，回想起来简直让人伤德语:惊醒狮子将十分危险，老虎牙齿是莫大的祸害，但最可怕的事情却是一个人处于疯狂状态！,0.0,0,0
一分米等于几厘米,一米等于多少毫米,0.2,0,0
嗯，我想这是值得的,我觉得值一块钱。,0.9592,1,1
自从战胜了英勇无比的比斯开人，我们这位可怜的骑士己变得不可一世。,这位曾经战胜过勇猛的比斯开人的可怜大人显得不可一世。,0.9762,1,1
因为他向她求爱，舍妹被他老婆玛尔法彼得罗夫娜给撵了出来。,因为他的求爱和纠缠，她离开了他们，是被他老婆玛尔法彼特罗夫娜赶出来的。,0.8943,1,1
医生问道他梦见什么？,医生质问道。他梦见自己手里拿着一条活鱼。,0.1392,0,1
不这样想吧？玛莎，亲爱的。,玛莎，亲爱的。,0.6498,1,1
从第三个牢房里传出来叫嚷声和吵闹声。,第三间牢房里传出叫嚷声和吵闹声。,0.9738,1,1
这些在海里延伸得长长的岩礁，加上它们间的裂缝和它们的锯齿，成了真正的小山脉。,爱德蒙，美塞苔丝向伯爵伸出双手，接着说，打认识你那天起，我就喜欢你的名字，并时常记起你。,0.0251,0,0
你说话神志不清！,犹如有一本烹调书上说龙虾喜欢活活地被煮死一样，他也充分相信人民喜欢成为迷信的人，而且这不是象在烹调书上那样在假借的意义上说的，他是在直接的意义上这样想和这样说的。,0.0,0,0
他对我说:当他们带着他们留在人世的躯体从约沙法回来时，所有的坟墓都要关闭起来。,等到地板上的瓶子满了，从胳膊肘内侧往体内输液体的瓶子空了，这两只瓶子就会立刻被调换，液体便重新流入他的体内。,0.2163,0,0
按纳不住,按捺不住,0.9675,1,1
所有的人都回过头来。,所有的人都掉过头来。,0.2334,0,1
杨幂和唐嫣哪个漂亮,杨幂和林心如哪个漂亮？,0.0,0,0
看来年轻人比我们聪明得多。,而我这一辈子，无论过去、现在和将来，凡是靠武力取得的声誉，全都是她保佑我、我忠于她的结果。,0.0349,0,0
一个戴着一顶长长的栗色帽子的人在一个黑色的金属碗上敲鼓。,那个人在吹金属喇叭。,0.3172,0,0
在一座建于水上的城市的街道上，人们乘坐着一艘棕色的小船漂浮着。,人们都在飞机上。,0.0227,0,0
几个穿白色衣服的人坐在一辆地铁车厢里，穿过一个明亮的橙色车站。,人们穿着白色衣服。,0.3979,0,1
再有就是教派信徒的案子，他们因为诵读和讲解福音书而被迫离开家人，流放高加索。,她看不见眼前的广大世界，看不见那许许多多可以弥补她这个损失的人；她感到自己在世上孤孤单单，无依无靠。,0.1834,0,0
我对音乐一窍不通，他严厉地瞧着她说。,怎么能光信自己呢？,0.0,0,0
一个穿着海军军装的女人正在一张白色的桌子上切蛋糕。,在阳光明媚的日子里，一个戴着头盔的人坐在自行车上。,0.0021,0,0
同桌的你什么视频软件可以免费看了,同桌的你用什么视频播放器可以看,0.9837,1,1
这条沿海公路继续向东通过小镇Oracabessa，那里有腐朽的铁丝网，一直延伸到牙买加最北端的Galina Point。,Galina Point位于牙买加的南海岸。,0.0997,0,0
牛在底验港到了水，开始叫起来。,底船里的牛被水俺到，开始哞哞直叫。,0.9829,1,1
笑话老婆的笑话,给我讲一下这些笑话,0.0,0,1
怎样可以签约唱片公司？,如何签约唱片公司？,0.9821,1,1
祝你以后生日快乐,给留言发一个短信祝她生日快乐,0.0001,0,0
混淆视听,耸人听闻,0.0045,0,1
但他两个都做了,他不是两样都做了。,0.1309,0,0
一个人高高地在空中冲浪，在海洋中冲浪。,这名男子躺在床上，全身抛掷，在那次近乎致命的冲浪事故后。,0.0244,0,0
放心，主教大人出现以前我们还有足足二十分钟。,这很好，我喜欢你这种说谎的方式。,0.0243,0,0
你瞧，铁匠，这些都是我搜集来的骏马蹄铁的钉头钉脑。,您今天多么恶毒呀！,0.0,0,0
所以我总觉得最珍贵、最生动的东西，是藏在善行后面的在龚古尔、格林武德、巴尔扎克等人的小说里是没有善人，也没有恶人的，而有的只是一些最最生动的普通人，只是精力充沛得令人惊奇的人。,它不是在哥萨克人那里，且尔托泼哈诺夫继续说，始终不转过头来，声音照旧很低沉，而是在一个茨冈马贩子那里；我当然立刻认定了我自己的马，想用强力把它夺回来；可是那个狡猾的茨冈人像烫伤了似的大叫起来，叫得整个市场都听见，他对天发誓，说这匹马是他向另一个茨冈人买来的，他还要叫人来对证。,0.2201,0,0
聂赫留朵夫深深地叹了一口气，低低地鞠了一躬，握了握宽宏大量地向他伸出来的瘦骨嶙峋的大手，走出房间。,聂赫留朵夫深深地叹了口气，弯腰鞠了一躬，握了握故作大度地向他伸过来的瘦骨嶙峋的大手，走出了房间。,0.9612,1,1
这个用英语怎么说用英语怎么说,青色用英语怎么说,0.0,0,0
基特一停不停，一个劲儿向前割去，没有丝毫疲劳的样子；可是列文已经在担心，怕不能坚持到底，他实在累坏了。,我问道。从印度吗？,0.0584,0,0
有什么可以在家兼职的工作吗,什么样的工作可以在家做。兼职。,0.9854,1,1
找到船的另外多给一个畿尼，这是预付你们一天的工资，现在去吧！,我回答他，他们尽管曾被赶走，却仍从各地重返，先后两次，都是如此，可你们的人却不曾很好地学会这套本事。,0.0727,0,0
我想和女儿告别，但他们让我走，上马车。,我想跟我的女儿告别，可是人家却叫我出去，坐到雇来的马车上去。,0.9815,1,1
我知道，但是他们每年都会尝试，每年都会被抛弃，这太愚蠢了，因为他们让你把它放在那里，但他们不允许你卖，不允许他们在那里卖,即使他们允许你把它带进去，他们最终还是会被扔出去。,0.5107,1,1
我们管这个地方叫圣叶戈尔草原，他对我说。,我们这一带地方叫作圣耶各尔草原，他回过头来对我说。,0.9497,1,1
上涂了一层紫色；灯芯绒浴衣的背部有一幅黑颜色的图案，画了一架轰炸机冒着橘红色的高射炮火进行俯冲，机头前面还画了六行排列得整整齐齐的小炸弹，标志着已经飞满了六十次战斗任务。,那陌生人的齿龈被涂成了紫色；他的灯芯绒浴衣后面有一幅画，画着一架轰炸机正穿过桔红色的高射炮火，浴衣的前面画上了整整齐齐的六排小炸弹，表示飞满了六十次战斗任务。,0.5446,1,1
他从口袋里掏出一个山羊形的甜饼，两个糖角，一个苹果和一包青色的葡萄干，他把这些东西放在枕头上我的鼻子跟前。,和舒宾截然不同。,0.044,0,0
凯斯威克是游览国家公园和西北的好基地。,如果你想游览国家公园和西北，凯斯威克是一个很好的基地。,0.9714,1,1
民困国贫,国富民强,0.0,0,0
除了被判处死刑这个殊荣之外，这个英俊的外国人态度还非常庄重，而且有幸信教非常虔诚。,国王称贵族为注。,0.0313,0,0
斯佳丽把婴儿抱起来，赶紧用一条厚毛巾裹好。,这个本能代替了另外的本能。,0.0,0,0
宪兵抓住他的两臂，硬拉他起身，拖着他踏上石级，向堡门走去，差官跟在后面，拿着一支上了刺刀的马枪。,他抬起沉思的眼睛瞧看着她，忽然发觉他坐着，她却一直站在他面前。,0.0369,0,0
突然，车夫们打着慷慨激昂的手势交谈起来，把马勒住，马几乎完全靠后腿直立起来。,巴黎人攻占了巴士底狱；现在我们要把你降服！,0.0401,0,0
最后一个办法？,保尔解开缰绳，忍住膝盖的疼痛，咬着嘴唇跨上了马。,0.0,0,0
拉斯柯尔尼科夫眼里的火要把他烧成灰。,这使我感到不安，似乎整个晚上都是一个圆套，强使我也付出一份相应的感情。,0.1336,0,0
年轻的那个，严厉地蹙着眉头，靠在椅子背上听着，那个大一点的、瘦瘦的、头发蓬松的女人，突然两手掩住脸，抽搐着肩头。,冲向他的脸盆和水罐，谢天谢地，一个很大，另一个很深，都灌满了水。,0.0388,0,0
到那时，这座城市已经变成了一片死水。,当时，这座城市生机勃勃，正处于文化的鼎盛时期。,0.114,0,0
对我来说，那具尸体既奇怪而又庄严。,离他的住处只有几步远了。,0.0309,0,0
聂赫留朵夫不知道究竟是什么使监狱长感到特别棘手，不过今天他发现监狱长身上有一种特别的、能勾起人的悲哀、沮丧和绝望的情绪。,女看守听见吵闹声，就带着一个男看守走进来。,0.1083,0,0
一个戴着太阳镜的金发女人和一个穿短裤的黑发女人走在一起。,两个女人坐着吃零食。,0.0323,0,0
两个十几岁的年轻人站在铺着瓷砖的街道上，站在一个涂着蓝色的快餐店附近。,两个成年人在散步,0.1225,0,0
花呗能和卡里的钱一起用吗,银行卡可以和花呗一起支付,0.892,1,1
三个人穿着雪鞋，用拐杖在雪中跋涉。,三个人坐在雪地里,0.3046,0,0
我也该走了。我不会灌酒。,这一天，勒蒂埃利站在两个轮翼箱之间的甲板上，目光逼视大海，高声大喊:现在轮到你了！,0.0733,0,0
特别是根据“美国法典”第15章第11A节所载的建立全国市场体系的任务。,全国市场体系将被解散。,0.1992,0,0
罗切斯特先生，请允许我收回我第一个回答。,它跃进十来步，并不快，等狗追来；感到了危险，于是选好方向，抿起耳朵，四爪翻飞地逃跑了。,0.0295,0,0
玛丝洛娃又象从前那样穿着白上衣，围着白裙子，头上包一块白头巾。,玛丝洛娃又是从前那样的装束，穿着白上衣和白裙子，扎着白头巾。,0.1735,0,1
他知道，树林里有初生的狼小狼和长成的狼老狼；他知道，猎犬分为两群，某个地方正在进行追捕，而某个地方事情进行得不大顺手。,他知道，孤林里有小狼和老狼；他知道，猎犬已经分成两队，正在什么地方追捕，在什么地方出了差错。,0.8087,1,1
我要设法不再给您家里添任何新的麻烦，要给所有在像我这种处境的正直忠诚的男子汉做出他们可以效仿的徬样。,我要去闯一条路，免得再给您的家庭增加麻烦，我要给一切忠诚坚贞的男子作一个榜样，让他们知道当处于我这种处境的时候，应该怎样做。,0.4524,1,1
怡恰相反，他坚持认为您是个头号的不可思议的人物；所以他才会如此想念您，可爱的年轻人！,没有，他仍然坚持把您当作是最不可思议和最神秘莫测的人。,0.5158,1,1
最初几声炮声还没有消失，别的大炮又打响了，还有许多大炮争先恐后地射击起来，炮声汇成一片。,因此，那些人互相残杀，并不是按照拿破仑的意志才发生的，而是不以他为转移，按照参加共同行动的几十万人的意志进行的。,0.3761,0,0
许多聚集在一起的人站在一个公共广场上。,一群人在小睡。,0.0465,0,0
但是这种感觉转瞬即逝，拉斯托普钦伯爵轻蔑地笑了笑自己。,卡顿先生，她激动得停了一会，答道，这是你的秘密，不是我的；我答应尊重它。,0.0965,0,0
是迈克·莱利，那是,是迈克·莱利。,0.6305,1,1
含植物的成语,含植物名的成语,0.9755,1,1
去吧！那是多么美丽的森林，多么美丽的森林啊！,我真是自作自受！,0.8469,1,0
名人传记有哪些,有哪些名人传记？,0.984,1,1
是好风吹来的，连赂膊都给鲍贡团吹断啦萨洛梅加一点也不管旁边还坐着一个女子，就恶狠狠地臭骂起来。,我想你是一个布尔什维克，或者是一个共产党员。,0.0057,0,0
她哭的时候，那双闪闪发光的眼睛开始具有令人倾倒的魅力。,请坐吧！您能用什么办法救他？,0.0,0,0
这可能是都柏林或附近最不寻常的小博物馆之一。,这个博物馆根本不在都柏林或附近。,0.4009,1,0
仆人拿着手枪回到维特那儿；当维特听说枪是绿蒂亲手交给仆人的，心里喜不自胜，便把枪拿了过去。,你明白我的意思吗？,0.0067,0,0
如何快速记忆英语单词？,如何快速的记忆英语单词?,0.9892,1,1
这时，办法只有一个了。,它嗅到了好吃的，那模样就象老太太上菜场！,0.0028,0,0
道路四凸不平起来，车轮常常碰着树枝。,阿尔贝，你是一个心地宽厚的人，但可能会被骄傲或怨恨所蒙蔽，你会拒绝我，你有可能会向别人去要求我有权提供的帮助，那我就要说，有个人的父亲是受你的父亲的迫害在饥饿和恐怖中死的，而你竟拒绝接受他向你的母亲提供生活费，这样，你的确太不仁慈了。,0.0826,0,0
阿托斯抬起头，伸出一个指头指指天空。,外边门铃响了。,0.0152,0,0
光前裕后,小口,0.7292,1,1
八月22日是什么星座,那金牛座呢,0.0,0,0
然而，真正的答案是，科学不能告诉我们除了合理怀疑之外发生了什么。,科学不能告诉我们发生了什么，不能排除合理的怀疑。,0.9688,1,1
我想我们该走了。,我们应该向前看。,0.1979,0,1
"继续考,明年想考京都大学.",明年不考了,0.0,0,0
经过一夏的时间，草已长得非常茂密，秋天到了，也没有人去割除它。,他们都破衣烂衫的，浑身都是补丁，头上裹着围巾、胡子上结着冰，像一群大熊。,0.0754,0,0
在那种时刻他不会对我说谎。,他不作声。要不要拿点茶给你？,0.0039,0,0
你从我这儿走开。,他再也说不下去，就从铁丝网那儿走开。,0.2065,0,1
这还不行,问问不行吗,0.3103,0,0
他现在想起了那种存在于他与这个人之间的联系，此时这个人的那双肿起的眼睛正含着泪水模糊不清地望着他。,他这时想起了他同那个用含着泪水的肿起的眼睛模糊地看他的人之间的关系。,0.0,0,1
会议结束后，这些达官贵人仿佛卸下了重担似的站了起来，推开椅子，开始在大厅里走动，以便活动活动腿脚，同时顺便挽起一个人的胳膊，和他交谈起来。,我很想向诺瓦蒂埃先生证明，他对我的反感是大错特错的，而且不论他对我的成见有多深，我要用我诚挚的情意来打消它，所以我不愿意丧失这个解释的机会。,0.0916,0,0
我当过演员，自然学到了一些化装的秘诀，并曾以我的化装技巧而闻名于剧场后台。,牧师一直直挺挺地立正站在那里，原来上校忘了让他稍息了。,0.0547,0,0
楼上十二号和十三号房间，看门人回答列文。,在楼上十二号和十三号，门房回答列文的询问。,0.9368,1,1
我经说广外祖父却心平气和，就像念圣似地说:告密也、能证明己没有并密的人要先挨鞭，现:这下抽你是为桌布的半！,告密的人得先挨一顿鞭子，这一下是为了桌布打你！,0.9038,1,1
如果主计长在这一行动中胜诉，法院将发布命令，指示机构负责人出示记录。,法院将向行政机关发出指示。,0.3443,0,1
什么电视连续剧和电影好看？,请问什么电影和电视连续剧特别好看。推赞给我吧！,0.9833,1,1
他照吃他的猪排，喝他的茶，下巴碰到了天蓝色的领带，领带上别了两个钻石别针，挂着一根金链子，他笑得很怪，又温柔又暧昧，一看她的脚走湿了，就说:靠近火炉一点脚抬高点就踩磁器上吧。,看那峭立的石壁，笔直的拐角，方方正正的，可以想像礁顶肯定是一个平台。,0.0,0,0
她好像原来是雏菊，现在变成了百合花。,就好像一朵雏菊变成了一朵百合。,0.6563,1,1
但是这并没有妨碍培枇也瞧不起阿玛丽亚，其实阿玛丽亚只要瞪她一眼，就足以把这个小培枇连同她的辫子和发带统统都撵出屋子去，其速度之快是她只靠自己那两条小粗腿永远也做不到的。,可是这并不能使佩披不藐视我，甚至还想藐视阿玛丽亚，阿玛丽亚只消眼睛一瞪，就可以把她跟她所有的辫子和缎带一起撵出屋子去，比她用自己两条肥腿跑得还要快。,0.1491,0,1
你们跟我一样知道得很清楚，佩蒂小姐从来没有独自一个人住过，自从她打梅肯回来以后，白天黑夜老是怕得发抖。,他对人群喊道，还没有看清为什么围着一群人。,0.0544,0,0
这个人嘛！年轻人，请问:您能不能可是，不，让我更有力地更清楚地说一句:不是您能不能，而是您敢不敢此刻看着我，肯定地说，我不是猪猡？,他走回家去，可是到了彼得罗夫斯基岛却停住脚，浑身发软，就离开大路，走进灌木丛，在草地上躺下，一下子就睡熟了。,0.0188,0,0
客服小姐与员工谈话,那个女人正向那个男人走去。,0.0,0,1
后置摄像头黑屏,置摄像头模糊,0.0,0,0
因此你就对我上面说过的话觉得奇怪，我那时说第五重天里所包含的善，决不会有第二个与它匹敌。,在离这对恋人不远的地方，坐着一个肤色黝黑的男人，头发蓬乱，脸色阴沉，正生气地对一个没有胡子、像阉割派教徒模样的探监者说话。,0.101,0,0
他看着那颈背，那些头发。,思嘉和她父亲认真地彼此交代过:谁要是把这种搬到母亲耳边，那只会使她伤心，而无论如何他们也是犯不着这样做的。,0.0486,0,0
打开日期和时间,日期和时间,0.9775,1,0
最后，教士没有办法，只好答应了唐克拉维霍的请求，把公主嫁给了他做合法妻子。,忧伤妇人又接着说道:简单说吧，后来几经反复，公主还是坚持己见，不改初衷，于是牧师批准了克拉维霍的请求，让安东诺玛霞做了他的妻子。,0.2255,0,1
他大概也自以为是天才——也就是说，在某一时期里，他有过这样的自信。,我告诉你怎么办:我是怎么办的。,0.0622,0,0
老虎食百草,绰有余裕,0.0,0,0
这个男孩在草地上翻滚。,那个男孩坐在厨房的桌子旁做作业。,0.0,0,0
特列左尔把她的叫声当作袭击的信号，用力一跃扑上前去。,老二和我同时跑到井栏边，他紧紧抓住井绳，猛向上拉，他的两只手被绳磨得像火烧似地受不了，我及时地去截住井绳就在这当，他们的大哥也跑到井边，帮助我把吊桶往上拉，他说:请轻一点我们很快将小弟弟拉上来了，他也吓坏:鲜血从各手手指上直往下滴，颈子上的皮擦伤了好大一块，从脚到腰都湿透了，脸色苍白得发青，但面打着寒噤，一面还在笑。,0.1837,0,0
她几乎等不及把萝卜在自己裙子上擦去泥巴，一口就咬下半个，急匆匆吃了下去。,显然，弹钢琴的女人发脾气了，要亲自来骂这个来得不是时候而又纠缠不休的客人了。,0.0507,0,0
你说你要干嘛呢,要干嘛呢,0.9754,1,1
有时它们拉长调子发出很响的尖叫，房子里的人说话谁也听不见谁，但这是令人愉快的声音。,保尔是最后一个。,0.0654,0,0
一个人在街上兜售他的自行车。,户外骑自行车,0.4053,1,1
店主冲进屋子吼道:臭婊子，你躲在哪儿？,我的夫人，无论你变成丑陋的农妇还是变成金色塔霍河里正在用金色丝纱编织锦绣的仙女，无论你被梅尔林或蒙特西诺斯关在什么地方，你都属于我；而我无论在什么地方，也都属于你。,0.0129,0,0
几分钟后，修道院院子里的大炮开始怒吼，炮弹在镇上爆炸—！,几分钟之后，修道院里的大炮怒吼起来，炮弹在城里爆炸了。,0.9777,1,1
我想让你好好地玩耍，像个孩子那样玩耍——因为你的确是个孩子，一个受过惊吓但仍然勇敢而倔强的孩子。,是啊，就是为了这一切！,0.1253,0,0
两个人穿着黑色背心站在穿着白色背心的孩子们面前，他们中间挂着一面美国国旗。,美国国旗插在孩子之间,0.5476,1,1
不过我估计很很困难的.,有的人认为很简单,0.5777,1,1
话说回来，正是在盖茨比的晚会的随随便便的气氛之中，就有她自己的世界中完全没有的种种浪漫的可能性。,仆人通报阿尔贝马尔塞夫先生来访。,0.0691,0,0
一位年轻女子正在观众面前表演体操魔术。,一名较年轻的妇女目前正在行动。,0.1484,0,1
最后，他门又围着装在甲板上的小报警炮走了一圈。,他们还围着装在甲板上的小报警炮瞧了一遍。,0.7477,1,1
浪漫主义者会说:我觉得我们即将分道扬镳了。,一个浪漫派会说:我觉得我们的路开始分贫了，可是我只说我们彼此讨厌了。,0.2117,0,1
他在行凶之后，一定是在房里还停留过一会儿。,他在行凶之后，还在房里停留过一会儿。,0.9416,1,1
无论长得多高大，我都不会嫁给那个巨人。,他们全把她忘了；她啊，你要晓得，从失火一开始，她就痛得抽筋了，是吓的瞧，女人生孩子多艰难，可娘儿们仍旧不受敬电！,0.0,0,0
人很快就用尽了一切方法。,人的智谋很快就用完了。,0.6096,1,1
对啦，我好像见过你，过了一会，她又说，你好像以基督的名义给过我布施？,但，波尔朵斯是个很要面子的人，他不愿意向任何人承认他挨了一剑，又是公爵夫人除外，因为她认为他听了他的这段冒险故事一定会感到兴趣。,0.0868,0,0
有谁看过《魁拔》这部电影？,谁看过这部电影,0.1462,0,1
一只狗追赶两只鹅。,一只狗在炉火旁睡觉。,0.0,0,0
牙齿痛。吃什么好？,牙齿痛吃什么好,0.9868,1,1
人对待东西可以没有爱心，砍树也罢，造砖也罢，打铁也罢，都不需要爱心，但人对待人却不能没有爱心，就象对待蜜蜂不能不多加小心一样。,它们是一场恶梦，那些士兵是恶梦的组成部分，那些看不见身子或面貌的士兵，他们只是些疲倦的声音在炎热的夜雾里对她说话罢了。,0.0277,0,0
我定睛一看，见是一个少妇，穿戴得像一个衣着讲究的仆人，一付已婚妇女模样，却不失年轻漂亮，头发和眸子乌黑，脸色红润。,上校一边亲切地招呼着牧师，一边打开一盏耀眼的聚光灯，把光线直射到牧师的脸上。,0.0428,0,0
是的，祭坛上仍然有血迹吗？还是多年来一直在磨损？,他们打扫得很干净。,0.0,0,0
已经发了霉。莎士比亚即培根这一牵强附会的说法。,好咸肉:发了霉。,0.0,0,1
一名身穿黑色短袖衬衫的男子正等着他的行李。,有个人在排队。,0.3962,0,1
一群穿着比基尼的年轻成年妇女坐在野草和鲜花的田野里，有些人坐在条纹伞下。,女人坐在外面,0.0,0,1
不然您去找副典狱长吧，他此刻在办公室里，您去同他谈一谈。,您请进来吧，她又一次在前厅里邀请他，要不您去找副监狱长，他现在在办公室呢，和他谈谈看。,0.9363,1,1
这一点可以从(1)退出PP的能力中得到证明。,退休的PP提供了实质性的证据。,0.632,1,1
“说得好，”安斯同意。,“这不公平，我应该得到更多，”安斯反驳说。,0.2487,0,0
虽然各种形式的木偶剧可以追溯到11世纪，但这种极富表现力和精心打扮的布克凯斯泰尔在17世纪在大阪和京都很兴旺。,木偶剧只有两种形式，可以追溯到11世纪。,0.0317,0,0
来吧，你的小信仰,接受现实吧，你们这些不信教的人,0.0,0,1
你知道如果你能闻到某人身上的酒味，那是很糟糕的，但你却无能为力，因为他们不喝醉,有时你能闻到某人身上的酒精味而不让他喝醉。,0.5806,1,1
想你的时候无时不断,我想你一辈子,0.1143,0,0
就连拉斯科利尼科夫，虽然没参加谈话，不过有一会工夫也在留心听着。,斯捷潘阿尔卡季奇没有出来。,0.065,0,0
进化心理学告诉我们，经济交往和任何其他形式的交往一样，都深深地扎根于人类的大脑中。,经济交往在人类大脑中没有地位。,0.2176,0,0
咱们到另外一节客车里看看去吧，毛病一定出在那儿。,基督山耸耸肩答道，我认识也了解那些人吗？,0.0,0,0
清理垃圾快点,继续清理垃圾,0.2662,0,0
为什么会这样呢，还是，也许是我自己觉得如此吧，他想。,这时，她低头看了看自己，发现自己几乎一丝不挂。,0.0078,0,0
我支持这些法律的基石概念，即所谓的公平信息做法。,我相信公平的信息实践不应该存在,0.325,0,0
这足常有的车情。,汉姆司台特男爵威廉克莱文爵士，在华威克州有一处叫做孔亚培的住宅，在那儿可以看到英国最美丽的喷水池，在蒲克州还有两块男爵领地，一块叫做汉姆司台特马歇尔，正面造了五个哥特式灯塔，另外一块叫做亚希公园，那是一所别墅，坐落在森林里两条大路交叉的地方。,0.1264,0,0
因此，它禁止由法律顾问委员会资助的实体参与涉及此类法规的诉讼的任何一方，禁止参与实施此类立法有关的规则制定，并禁止就此类立法的任何拟议修改向国会本身进行游说。,LSC资助实体不能参与诉讼。,0.4442,1,1
"积极推进水价改革,逐步提高水利工程供非农业用水价格,完善水资源费征收管理体制",水利工程供非农业用水价格降低。,0.0,0,0
德拉莫尔先生对这块领地特别关心，因为在他所有的领地里，只有它原来属于著名的博尼法斯德拉莫尔。,路易十四床上有臭虫，政权里有耶稣会士。,0.0477,0,0
阿尔加维拥有比西海岸更温暖的海水和更多的遮蔽海滩。,阿尔加维附近的海水比西海岸温暖，海滩也不那么裸露。,0.4,0,1
因为我有经验。,我有的是经验。,0.0015,0,1
少极了。是的，但你也看得到，我们是供给住的。,请你把同霍斯默安吉尔先生的关系全部告诉我们了吧。,0.0049,0,0
但是，如果你知道的话，就请你告诉我，为什么刚才这座山那样震动，为什么全山一直到湿润的山脚都似乎用一个声音呼喊。,我和你的妻子有一点小小的私事要办，懂吗？,0.0,0,0
那么，跟我来吧；来呀；你不来吗？,走吧，快走呀，你不想去吗？,0.0,0,1
国王手直发抖地接过信来就看收信人地址，但上面没写，他脸色变得刷白，慢慢地打开信纸，随后，看到台头是西班牙国王，就迅速地看下去了。,国王用一只抖动的手接过信来，寻找收信人的姓名地址，信上没有写，他的脸变得十分苍白，慢慢打开信以后，从头几个字看出信是写给西班牙国王的，他匆匆地看了一遍。,0.9743,1,1
瓦朗蒂娜问。没什么，马克西米利安微笑着回答。,也许在他的心灵深处，他已经听从他那如今肆无忌惮的兽性的人的唆使:对卡秋莎起了歹心。,0.198,0,0
一辆红色的汽车从一辆双层公共汽车前面经过。,双层公共汽车经过一辆汽车。,0.5524,1,1
"他是医生在那种情况、语境下他也会上这个当,你知道吗",他被骗了,0.0,0,1
有时，他的讲话使我联想到我的外祖母。,她正是在这样的状态下，听到了她意料不到的判决。,0.1141,0,0
一个年轻人抓着狗的脖子。,年轻人养他的狗,0.1412,0,1
埃伯纳兹尔全神贯注地思忖着，没太在意水洼和石块。,埃伯内齐尔想着心思，没去注意水洼和石块。,0.9577,1,1
无意中杀死莉扎赛塔，这一情况甚至成为一个例证，使如下的假设更为可信:一个人杀了两个人，而同时却忘记了，房门还在开着！,我恼火是因为这些愚蠢的和凶恶的脸立刻就会围住我，就会向我直瞪眼，就会向我提出各种非回答不可的愚蠢的问题，——他们会拿指头点着我呸！,0.0863,0,0
当他只剩下孤家寡人独自一个的时候，我就回到他那儿，决心要看顾他，借此报答他十年来待我的善意。,当他只剩下孤家寡人的时候，我就义无反顾回到了他那儿，决心要照料他，以此来报答十年来他对我的恩情。,0.9825,1,1
"不过,象你我想应该没问题啦.",他认为你做不好,0.0,0,0
伯爵于是用一只脚踏住他的头，说:我不知道究竟是什么力量阻止我不踏破你的脑袋，你这混蛋！,她就从我手里拿了支香烟，我给她点了火。,0.0393,0,0
心烦意乱是什么意思啊？,心烦意乱什么意思？,0.9807,1,1
四川海宁皮革城在那里,浙江省海宁皮革城在哪里,0.0,0,0
我们这个侄女的地位，或者说，假定的地位，因为我们的兄弟佛朗西这一故去，和以前大不相同了，莱薇妮妞小姐说。,在他那急不可待的即兴之谈之中，令人感到的并非一个惯于高谈阔论者的洋洋自得的字斟句酌，而是灵感的抒发。,0.0915,0,0
吩附仆人或责备孩子时从来不提高嗓门，但在塔拉庄园里凡听到这声音的无不立刻服从。,这是一种即使命令仆人或斥责儿女时也从不提高的声音，但也是在塔拉农场人人都随时服从的声音，而她的丈夫的大喊大叫在那里却经常被悄悄地忽略了。,0.5435,1,1
他们无法相信她的话，因为不能想象他们的游戏会造成那么严重的后果，也不能想象他们所毁坏的就是他们赖以生活的东西。,即使你喝泉水，吃树上摘下来的果子，可能都有危险。,0.2154,0,0
那末，青年急切地说，我的境况一定可以很适意的了。,在刽子手的后面，根据处死的先后程序，先出来的是庇皮诺，然后是安德烈，每一个都由两位教士陪伴着。,0.0902,0,0
杜涅奇卡终于等得不耐烦，离开索尼雅，上哥哥那儿去等他。,你们那个赫赫有名的密苏里银行家托马斯本顿，您不是就叫他老金条吗？,0.0257,0,0
而且你己经是那么个大姑娘了。,这句话总算让俩人都静了下来，唐吉诃德又问牧羊人怎样找到卡德尼奥，因为那个故事的结局正悬着他的心。,0.0317,0,0
要说有变化，就是管家换了人。,啊，这却换了人了。,0.101,0,1
哼！罗切斯特先生哼了一声，默默地喝起茶来。,哼！罗切斯特先生说，他默默地喝着茶。,0.7932,1,1
"这显著的降低了监管负担提供参与者通过消除activelytraded证券承销商的交易限制大的发行商,减少其他证券的限制时间,为稳定交易提供一个更灵活的框架,扩大证券资格纳斯达克被动的市场在提供,并解除",纳斯达克完全控制着所有与监管有关的决定。,0.2428,0,0
他们打仗。胜利的光荣归于谁？,可是卡尔青金依然站着，直到民事执行吏跑过去，偏着头，不自然地瞪大眼睛，用悲惨的声调低声说:坐下吧，坐下吧！,0.0532,0,0
挂学籍是什么意思,学籍是什么意思啊,0.0,0,0
有什么可以在家兼职的工作吗,在家兼职工作有哪些,0.9828,1,1
它是暴风雨，它破坏船只的航行。,我差点没把他从窗口扔出去。,0.0122,0,0
他唤了一声，坐进圈椅，让人给他送咖啡，直到这时他才摘下了帽子。,请原谅，年轻人，您能不能不，说得更有力、更淸楚些，不是您而是您现在望着我，肯定说我不是一只猪？,0.0,0,0
是的，那是真的，那里有很多谈话，我不认为任何人会想到它会像以前那样成功和无痛,很多人都在谈论这件事，但我怀疑任何人都不知道这件事会不会像以前那样容易。,0.315,0,1
斯科利尼科夫全身颤抖了一下，波尔菲里彼特罗维奇不仅看到了，而里看得太清楚了。,女人内心的直觉，不仅知道她自己的痛苦，而且也知道她丈夫的痛苦，即使这些想象得到的责备不是由外人来指责他或者他的子女的话，它们也可能在自己的头脑里责备自己，他的耳朵也照样听得见。,0.2339,0,0
什么牌子的眼霜好用？,充电宝质量好的都有啥牌子,0.0,0,0
我的心脏！他的眼睛直跳，直勾勾地望着奶油色石头的曲线。,我的心脏他的眼睛搏动着，定定地盯住了乳脂色的石头曲线。,0.4773,1,1
聊天开始,我们重新聊天吧,0.0436,0,0
聂赫留朵夫向她求婚是出于宽宏大量和过去那件事；西蒙松爱的却是今天的她，而且纯粹是因为喜欢她。,玛丽雅的爱称》西蒙松的名字。,0.0501,0,1
你是男孩子还是女孩子,你是男孩子还是女孩子啊,0.9861,1,1
女孩和男孩在盘子里供应食物,一个女孩和一个男孩在服侍小游戏,0.1451,0,0
有几个站起身来，有些仍然躺着。,冬妮亚站起身来。,0.2911,0,1
一位手持蓝色莫霍克的年轻女子握着一只正在向左看的蹒跚学步的小手，向右看。,一个年轻的女人有一只蓝色的莫霍克。,0.2578,0,1
妈妈的爸爸爷爷的,我爷爷的妈妈叫什么,0.0,0,1
尽管还没有到正午，可太阳已经渐渐变暗，虽然还有阳光照射，但已经不暖和。,在波旁王族重新登台的头七八年里，引起一片惊慌，无论是财政界、工业界，还是商业界，都感到脚下的地在动摇，许多人破了产。,0.1839,0,0
奥夫夏尼科夫常常在午饭后睡一下，每星期六进操堂，读的全是宗教书读的时候煞有介事地在鼻子上架起一副圆形的银边眼镜，起身和就寝都很早。,这是最可靠的证件。,0.0172,0,0
在农场种稻的妇女。,妇女们在田里种稻子。,0.6767,1,1
约翰怀斯诺兰落在后面看名单，然后沿着科克山的下坡路匆匆赶了上来。,他们这是为所有的孟什维克卖力气——从米亚斯尼科夫到马尔托夫！,0.1389,0,0
大概也差不多吧。,哦，你在做什么呢？,0.0052,0,0
不会的，亲爱的万帕，伯爵说道，再说，您已经殷勤周到地补回您的过失，我们几乎要感谢您犯了这样的错误呢。,她与许多野兽交配过，而且还要与更多的野兽交配，直到那将使她痛苦而死的灵犬来临。,0.0884,0,0
康纳商店出售烟草、糖果、杂志和咖啡。,这家商店从来不卖商品。,0.05,0,0
怎么查询苹果手机的保修期,如何查询苹果手机的保修期,0.9836,1,1
我听了并不惊奇。,我听了并不吃惊。,0.8969,1,1
一个人用一只手骑自行车，另一只手拿着一杯饮料。,一个男人坐在自行车上，至少有一只手。,0.4717,1,1
那个声音继续道:上帝将他的旨意寄放在花朵里、朝霞里、春天里，他要人们去爱。,那个声音继续说道:上帝把他的旨意寄于花朵里，晨曦中，春天里，他希望人们去爱。,0.9794,1,1
两个女人坐在石头旁边，其中一个拿着饮料。,没人坐着。,0.0315,0,0
一小群人聚集在一个贫穷村庄的沙漠里。,人们都在一个村子里。,0.5087,1,1
这究竟是什么意思，福尔摩斯先生？,思嘉眼看自己的女儿用一又小手牢牢地控制着她的父亲，心里又高兴又感动。,0.0,0,0
帕维尔彼得罗维奇左手插在裤袋里，右手慢慢地举起枪，枪口猫准对方，迎面走来。,巴扎罗夫慢慢地往前走，巴威尔彼得罗维奇把左手插在裤袋里也向着他走来，渐渐地举起了枪口。,0.0,0,1
一个男人拿着一个袋子走在一条石街前面，前面是一座看起来像蓝色柱子的老建筑。,那人开始跑过石街,0.286,0,0
他那圆溜溜的、金色的眼睛里肉着光，兴髙果烈地叙述着。,昨天我那莫尔多瓦女人又喝得烂醉回家了他那圆溜溜的、金色的眼睛里闪着光，兴髙采烈地叙述着。,0.4832,1,1
这就是我的全部历史。,按照他们的约定，在完成她的事之前，他不能插手其他事。,0.1435,0,0
他们还为缉毒增加了资金。,他们还增加了禁毒资金。,0.9673,1,1
当安德烈公爵一回到已习惯的生活环境时，这种感情就消失了，不过他知道，这种他不善于培养的感情活在他心中。,当安德烈公爵一进入习惯的生活环境，这种感情就消失了，可是他知道，他虽然不善于进一步发展这种感情，但是它已经在他心中扎了根。,0.9141,1,1
他拿来几片当地常见的迷迭香叶子，放嘴里嚼碎了，再放点盐，然后敷在唐吉诃德耳朵上，说不用别的药就好了，说着给他包扎好伤口。,里面没有任何他要找的东西，他也没有时间去寻古探幽。,0.0,0,0
是的，先生，伯爵答道，我想把人类作为整体来进行生理上的研究，而您每天都在处理个别的案件。,大臣低着头，涨红了脸，喃喃地说，快报是投递站接力送来的，陛下。,0.046,0,0
浣熊在吃东西。,一个男人在吃东西。,0.0039,0,0
那些没有能挤进教堂的人，都聚集在窗口，拥挤着，争吵着，从窗栏杆外面往里张望。,五整个莫斯科，所有的亲戚朋友，都聚集在教堂里了。,0.1756,0,1
oppo充电提示音怎么换,oppo怎么换充电提示音,0.9843,1,1
他们把更多的注意力放在会议日程上，而不是获取知识上。,获取知识优先于会议日程安排。,0.3154,0,0
我求他饶恕。我向他屈服，主动认了错。,我向他屈服了。,0.6923,1,1
我在安茨尤姆连一根头发都不会拫失。,他把这两只木箱放在迪朗德号甲板上最牢固的地方。,0.0,0,0
他说话时，马车两侧车灯发出的闪烁灯光顺着弯曲的街道绕过来。,瞧，你浑身滴水，像条美人鱼啦。,0.0151,0,0
魁魁格！。魁魁格！,在她房里的墙壁挂着的那些证朽都是俄国的历代沙皇戈林诺夫、阿列克谢、彼得大帝给她丈夫的先人的赏赐。,0.0,0,0
不过，目前他打算到各处航游，到四大洋去放荡一番。,可是，现在他计划去各地航行一番，到四大洋去游历一番。,0.0,0,1
上帝的道路谁也不知道。,不，谁也不会去多佛尔礁的。,0.2285,0,1
但她说，任何与离婚、子女监护和子女抚养有关的复杂问题，通常都会在遗嘱认证法院审理，而对于这些问题，我们真的需要为我们的客户提供法律代理。,她说，子女监护权和子女抚养费方面的复杂情况通常在遗嘱认证法院审理，但与一般离婚有关的问题不在此列。,0.511,1,0
韩国，游戏怎么下载？,韩国游戏怎么下载,0.9859,1,1
维尔福小姐，我的继女。,六月不下雨，麦子将生白粉病。,0.0,0,0
但是，公证人说，您知道吗，法律是不允许一个儿子的继承权全部被褫夺的？,对，可是，公证人说，您知道法律不允许您完全褫夺您儿子的继承权？,0.9382,1,1
但是，如果管理层需要此类证明和/或核查，则应在尽可能接近发薪期结束时进行这种认证和(或)核查。,管理层进行这些核查的最糟糕时间将是薪酬期限的结束。,0.0659,0,0
席履丰厚,一贫如洗,0.0,0,0
弗丽达一走，她又说，就急忙把我调到这儿来了，因为这儿并不是能随便用一个人的。,许多人已经传染上了，回家去也只是等死；有些人死在学校里，给悄悄地马上埋掉，疾病的性质不允许耽搁。,0.249,0,0
那几个妓女誉他们爬上四截又长又睦、咬叹作垧的木搂梯，穿过门道走进她们自己分租的精致华丽的住房。,姑娘们领着他们爬过四段又陡又长、踩上去嘎嘎作响的木楼梯，穿过一个门廊，走进她们自己的富丽堂皇的公寓套房。,0.3346,0,1
整个儿事情就是这样。,所有的情形就是这样。,0.9393,1,1
他在院子里，他回答道，正在跟坎纳斯大夫说话，大夫:说，舅舅快死了——他到底要死了，逃不过了。,亲爱的朋友，基督山说，我觉着您是在说一桩我俩都心照不宣的事情。,0.1323,0,0
保尔正用大拖布使劲地擦着到处是油塘的水泥地面。,您知道吗？这扇门为什么锁上了？,0.0,0,0
我拚命想睁幵眼睛，可它们还是不由自主地闭了拢来。,过来，他说。我从地毯上走过去；他让我端端正正地站在他面前。,0.2312,0,0
我们下河洗个操，然后来到河边个小馆子里，默默地喝茶。,我们下河洗过澡，就在河岸上的小饭馆里坐下，默默地喝茶。,0.9718,1,1
白天一些失望的心情和对明天的忧虑都消失了，留下了一线希望。,望着安娜的温和快活、而又精力旺盛的举止，而且又认识阿列克谢亚历山德罗维奇和弗龙斯基，戈列尼谢夫感到他十分了解她。,0.0424,0,0
两个金发孩子在草地上玩棍子。,两个孩子在床上睡觉。,0.0,0,0
一个穿着深灰色帽衫、紫色裤子和粉红色靴子的年轻女孩拿着一根棍子，在水里玩耍。,一个女孩在玩。,0.1713,0,1
我想住到冬天。,要达到什么目的？,0.0,0,0
他下了马车，低下头，喘着粗气，默默地等待着，来回踱着步。,但是维尼裘斯当听到黎吉亚被召的话，脸色立时变得苍白。,0.0321,0,0
谁能帮我找个游戏？,找个酷跑游戏,0.0,0,0
它们可能是德洛斯最著名的摄影符号，据信可以追溯到公元前7世纪。,德洛斯的象征从未被拍摄过。,0.0667,0,0
你简直想像不出，一个年轻的、没有经验的、糊涂地教养大的孩子，会把爱情误认成什么！,您无法理解，一个年轻、没有经验，又是在不正常的环境里教养起来的男孩子，会把爰情看做什么！,0.0245,0,1
那你看到他了？,你无视他为什么？,0.0,0,0
谁也看不见。它被水淹没了。,他想说什么。还有什么事？,0.0035,0,0
他们不是也搜刮钱财吗？,保佑这条小狗吧！,0.0,0,0
我想要你,我确实想要你,0.9253,1,1
圣日耳曼区所有的大钟都敲响了十一点钟，这是个温馨的夜晚。,圣日耳曼区的所有大时钟都同时敲响了十一点的钟声，天气很暖和。,0.7386,1,1
工场里很热闷，有二十来个从帕列赫、霍卢伊、姆斯乔拉来的圣像画工在那儿工作。,列文又上好子弹，动身往远处去的时候，太阳虽然还被乌云遮着，但是已经升起来了。,0.0133,0,0
再见！索尼雅吓得索索发抖了。,幕一升起，包厢和池座都安静了，所有的男人，老年的和年轻的，穿制服的和穿燕尾服的，所有的女人，在裸露的身上戴着宝石的女人，都怀着贪婪的好奇心把全副注意力转向了舞台。,0.0629,0,0
关于人人账号的,人人网的账号,0.9667,1,1
这时候，德克鲁瓦泽努瓦侯爵急急忙忙朝德拉莫尔小姐走过来。,这来自大西洋的怒潮，有整个大洋的海水作后盾。,0.0561,0,0
是《朱泽培加里波第》，冬妮亚纠正了他的错误。,哦，是啊你们交成了朋友，这我已经听到了。,0.0936,0,0
这是我的事务所，波卢特金先生指着一所矮小的房子，突然对我说，要不要去看看？,毫无疑问，德莱纳夫人回答道，声音严厉，语气中有某种无情和责备于连的味道，您走的时候，我的失足已为全城的人所知。,0.1129,0,0
卡捷琳娜伊万诺芙娜接过钱来，并且彬彬有礼，甚至是恭恭敬敬地向他翰了个躬。,她接着往下说:今天早上你们早饭吃不下去；现在一定都饿了；——我已经吩咐过，给大伙儿准备一顿面包和干酪的点心。,0.0645,0,0
梦见死去的亲人又死了,梦见死去的亲人,0.9631,1,1
接着立刻就几乎大声地对拉斯柯尔尼科夫嘟嘟囔囔说，像彼得彼得罗维奇那样的可尊敬的有身价的人，发觉自己在这样一伙罕见的人中间，确实会感到不习惯的，虽然他尽力帮助着她的一家人，并且跟她爸爸旧交甚笃。,然后立刻几乎大声地对拉斯柯尼科夫说，像彼特彼特罗维奇那样可敬的、有身分的人，如果来到这群异乎寻常的人中间，一定会感到奇怪的，尽管他对她的一家人满腔热忱，跟她爸爸又是老朋友。,0.4957,1,1
要转变为激进分子，投共和党的票吗，阿希礼？,想当激进派，投共和党的票了吧，艾希礼？,0.9486,1,1
她还用精神病患者常用的那种无意而又固执的狡诈手法来达到目的。,况且，他挺讨她喜欢，她已经习惯于认为，他将属于她不是她属于他，而是他属于她，她还用精神病人常见的那种虽无意识，但却十分固执的狡猾的手段，来达到自己的目的。,0.6379,1,1
一个人坐在长凳上，双脚踩在滑板上。,一个男人坐在户外。,0.0409,0,1
唉，斯维德里盖洛夫厌恶地阻止他说，请您别谈这个，他又赶紧补充说，甚至不像以前那样，已经不再吹牛了。,我握起她的手，我拥有她的心，我明明白白看出她对我的爱。,0.1437,0,0
蚂蚁借呗能借***天么,蚂蚁借呗***期是多久,0.8397,1,1
愿上帝保佑诸位吧，请转告我的恩公公爵大人，我光身来又光身去，没赔也没赚，我是说，我身无分文上了任，如今还是身无分文地走人，跟别的海岛的总督可完全不同。,查理曼—时代的那些勇士就是这样说的，也是这样做的，每一个骑士都应该努力去模仿学习他们。,0.0265,0,0
拉夫列茨基走进房来，沉到了一把椅子上；老人站在他面前，把自己的破旧的花睡衣裹在身边，身体瑟缩着，咬着嘴唇。,我发现您处在这样的状况，觉得非常抱歉，非常抱歉，他又开口说，极力要打破沉默。,0.0446,0,0
一位年长的亚洲妇女展示面包待售,有一位年迈的东方妇女在卖面包。,0.4052,1,1
贝雅特丽齐用那样充满神圣之爱的火花的眼光看着我，使我的视力败阵而逃，我两眼低垂，几乎失去了知觉。,贝阿特丽切用按充满爱抚光辉的双眼把我注视，那双眼是如此神圣，竟压倒我的视力，逼它向后逃避，我几乎感到惊慌失措，把双目垂低。,0.4305,1,1
夜阑人静,锣鼓喧天,0.0,0,0
看到安塞尔莫那么坚决，罗塔里奥再也举不出和讲不出让他放弃的例证和道理了。,可是被蒙在鼓里的安塞尔莫坚决不同意他这么做。,0.058,0,1
大虫的脑壳,猴头猴脑,0.0,0,0
把你的钱丢进茅坑里去吧！,。爱德蒙总算又自由了，他又惊喜地倾听起来。,0.0,0,0
一个男孩在努力工作，创造出五颜六色的珠宝。,在房间里看电视的男孩,0.0037,0,0
他环视周围，一点希望也没有:他们都在哈哈大笑星星美葡萄，金钱国大王叫道，只见一个大块头的乞丐应声出列。,哎呀，反正都一样，多尔戈鲁科夫匆匆地说，一面站起来，在桌上打开地图。,0.0325,0,0
一个四重奏的男音乐家，穿着简单的街头服装，在商店橱窗前演奏一首曲子。,一群男歌手在商店前唱曲调。,0.5069,1,1
直到五点钟吃饭的时候，他才回来，同秘书一起吃了饭，又邀请他一起坐车到别墅，然后去看赛马。,阿列克谢亚历山德罗维奇到五点钟，他吃中饭的时候，才赶回家来，他和秘书一道吃了饭，就邀他一道坐车到别墅去，然后去看赛马。,0.9655,1,1
摄影师,千真万确,0.0,0,0
老天爷！你弄成个什么样子啦！,那个人莫名其妙地看看他，吃了一惊。,0.0266,0,0
特里马西翁，是典型的暴发户，食用十分奢侈《俄瑞斯忒斯，是希腊神话中阿彻门农的儿子，和妹妹介谋杀死己的母亲，遂至疯狂得曾经在拉佛的主教——这位主教既属于贵族，也属于教会——的收税员那里，看见过一大堆从附近农民那里征收来的美丽的麦子，主教没有费什么气力让这些麦子生饺。,谁写的那首诗，华兹华斯还是托马斯坎贝尔，应该叫乡村教堂墓地赞歌。,0.078,0,0
这是一种纯粹的自恋，一种认为它意味着美白的观念。,形成它的想法意味着美白是自恋的。,0.0,0,1
他们坐下来进餐。,我走了，阿尔贝。,0.0304,0,0
大得很响，坐在车门边的人答道，从来没有比这还大和跟这差不多大的狮子从非洲运到西班牙来呢。,太大了，坐在车前的那个人说，从非洲运到西班牙的狮子里，没有比它们更大的，连像它们一样大的也没有。,0.8141,1,1
不过我是这样看这个问题的，他对于一些教义有深入的研宄，我对于教义根本没有认真思考过，所以他相信的东西的正确性比我可能会相信的东西的正确性要大得多。,但是，我是这样看的，他在对他的理论进行了一番深入的研究以后，他相信的可能就要比我相信的更加正确了，因为我根本就没有深入到理论中去。,0.0,0,1
那小姑娘已经在炉边睡着了，又跳起来，带着沉默的恐怖向我们注视。,很久以后，当他回忆那个时期的时候，他才明白他的意识有时似乎是模模糊糊的，除了中间稍有间歇外，这种状态一直延续到最后灾难的来临。,0.0875,0,0
办公室的门也大敞着。,办事处的房门也大敞着。,0.855,1,1
电剪刀怎么修,剪刀腿怎么做,0.0,0,0
怎么，无聊吗？,我跟您讲到腾格拉尔的时候，有些失礼了。,0.0,0,0
一个穿着冬衣的男孩，坐在雪地里的蓝色雪橇上。,一个孩子正在用许多玩具洗澡。,0.0,0,0
这些人假装在沿海贸易，实际上却是走私贩子，他们大概会出卖我，以表示他们自己是好人。,请您原谅，他嘴唇移嚷着对波尔费利彼特罗维奇说，我们用这种鸡毛蒜皮的事打搅了您半小时。,0.0139,0,0
一个白种人在阳光明媚的日子里割草。,那人正在割草。,0.5702,1,1
道不拾遗,打家劫舍,0.0,0,0
现在有了摄影，你知道，这就是我正在做的是兼职工作，因为我可以把我的孩子们放在日托环境中一周几个小时，然后用这些小时来做我正在做的事情，就是拍学校的照片。,我可以在我工作的时候把我的孩子送到托儿所。,0.1962,0,1
上好的腊肠。求求你啦，警察先生，我在树林子里迷了路。,卢仁的脸色刷地白了，他咬紧；嘴唇。,0.0107,0,0
索具上已挂上召唤小艇回大船的信号旗；天也黑了；大船在到正相反的方向去找寻那第四只小艇之前，不得不先去料理远在上风处的三只小艇，这样一来，大船不仅只好暂时让那只小艇听天由命，待到午夜时分再说，而且越来越远离它了。,头一个房间里有一个穿制服的青年文官，脖子特别细长，喉核突出来，走起路来脚步异常轻。,0.1219,0,0
灰色的烟雾吹向夜空，裂缝把卡达安蹲在地上，吹到了他的脚掌上。,卡丹站得很高。,0.1084,0,0
它可以是坐落在19世纪Nahlat Shiv‘a小巷的咖啡馆和餐馆，也可以是古老清真寺尖塔上的天空，在古老的Citeas清真寺尖塔上，一片飘渺的夕阳照亮了天空。,可能是19世纪的餐馆，也可能是清真寺的尖塔。,0.0108,0,1
还有你，他说，假如你高兴的话，你也来吧，子爵阁下，你也有权利，因为你几乎已是这个家庭的一分子了，只要有人愿意接受这种约会，多约几个也无妨。,我的天主！他说，您要想去也去吧，子爵先生，您有资格这么做，因为您差不多也是这个家庭的一个成员了；这种约会，只要有人愿意接受，我是来者不拒的。,0.603,1,1
一位戴眼镜的老年妇女用手机接听电话。,这位老妇人没有手机,0.3302,0,0
两点叫我起来,帮我调个六点的闹钟,0.0,0,0
几名看守举手行礼，目送他过去。,看守们把手举到帽沿上，目送狱长走过去。,0.5828,1,1
一个穿着飞机的婴儿坐在高椅上。,一个婴儿坐在他的椅子上。,0.5017,1,1
正如我们的植物在太阳的光芒和天上的鲤鱼后面的星座所放的光合在一起射下来时，萌发幼芽，然后在太阳把它的唆马套在另一星座下以前，就都重新呈现出各自的色彩；同样，这棵原先枝柯那样光秀秃的树变得面目一新，开满颜色比玫瑰暗淡、比紫罗兰鲜明的花。,噢，正如那天夏多勒诺所告诉您的，这一切都不过只是一部家庭历史，马西米兰说道，象您这样名利双收，饱经沧桑的人，对于这种细小的事情是不会有多大浓厚的兴趣的，但我们的确有过极悲惨的遭遇。,0.1805,0,0
才人是指什么生肖,站着的生肖是什么,0.0,0,0
这是什么龟，谢谢,这是什么树谢谢啊,0.0,0,0
为了你今天干的事情，我不知道要怎么感谢你才好啊！,啊，他的态度看起来倒还不错。,0.0015,0,0
一个人写了一本又一本书来反驳他不懂的东西，这只是个怪人。,“怪人”是指在自己不懂的主题上写多本书的人。,0.3097,0,1
他们牵来了毛驴，将桑丘扶了上去并把他的外套搭到了他的身上。,很喜欢，杜尼雅回答说。,0.0,0,0
已经包括在这笔数目里了。,这笔款子也已在总数里付清了，伯爵先生。,0.5585,1,1
一位金发女子，戴着网球帽和运动背心，举起左手微笑着。,一只狗在说话。,0.0,0,0
女人喜欢什么身材的男人？,女人喜欢男人什么的身材？,0.9799,1,1
而且，他有那样的想法，我也不觉得有什么可耻的。,为了我，你才不得不忍受教师的专横，接受了这个卑贱的职位，并且正在付出全副气力争取跟克拉姆见面。,0.0779,0,0
但请你说下去吧。,那好！是的，我的朋友，三天后的断头者，他回答那个人道。,0.011,0,0
您妈妈不会答应这真可怕！,您妈妈不同意这真可怕！,0.7671,1,1
不过他知道，他检丧得不够仔细，说不定还有什么他没发现的、很显眼的痕迹。,才十七个月！唐太斯答道。,0.1582,0,0
淘宝网订机票,想在淘宝网订机票,0.9734,1,1
一段时间或者过一段时间,一段时间或一段时间,0.9731,1,1
如果您一定要的话，将由我来转达他的深切的敬意和因为惹您生气而感到的遗憾。,不，不对，杜尼她坚定地回答。,0.016,0,0
只见神父用另一只手牵过他，把他们俩朝着法官和其他人领过去，一面走，一面说道:擦干眼泪吧，法官大人，您己经实现了您最大的夙愿！,上尉正等着看神甫干什么，神甫又过来拉起他的手，领着两人来到法官和其他客人面前，说:您停止流泪吧，法官大人，现在您完全如愿以偿了。,0.0613,0,1
一个小女孩，穿着一件粉红色的运动衫，手里拿着一个红色的钱包。,手持钱包的人,0.3544,0,1
哎！卡德鲁斯说，可我当初是答应他这么说，您是言而无信喂？,啊，卡德鲁斯说，我答应过而你毁了你的诺言！,0.7358,1,1
两个穿蓝衬衫的男人在看足球比赛。,两个穿蓝衬衫的男人在踢足球。,0.4594,1,0
埃伦挽着杰拉尔德的胳臂，跟着他，三个女儿各自拿着烛台，尾随上楼。,从此她给予我的一切影响深入到了我的心间。,0.0153,0,0
那你懂吗,那这个题你懂了吗,0.916,1,1
我们不认为这是故意写错的。,但是四下里一片寂静，恐怕这是他的幻觉在作怪吧。,0.0107,0,0
另外，艾博特小姐说，上帝会惩罚她，也许会在她耍啤气时，把她处死，死后她能上哪儿呢，来，贝茜，咱们走吧，随她去。,而我寸步不离地守在病人的房间里，我不能离开她，还要给她讲各种好笑的奇闻轶事，跟她打牌，给她解闷。,0.1361,0,0
你在谁家当厨子？,如果您再多迈一步，达尔大尼央，他说，就让我们交锋吧达尔大尼央跪下来，祈祷。,0.0,0,0
叫你宝贝吧,叫你宝贝好不,0.9815,1,1
孕妇可以吃雪糕吗？,孕妇可以吃雪糕吗,0.9827,1,1
她立刻坐起来，把手伸开，粗野地说：“别傻了！”我有点生气。,我确信她对我的感觉和我对她的感觉是一样的，当她告诉我不是这样的时候，这是一个惊喜。,0.0876,0,1
观众眼看着这个和野兽还没有明显分别的原始人在垂死挣扎，景象是凄厉的，观众紧张得气也透不过来；再过片刻，野兽就会胖利了，混沌就会重新把人吞没。,可是难道你还不明白，你时而说这个年轻人想象力太丰富，时而又说他太缺乏想象力，这是什么意思呢？,0.0,0,0
拿灯来！点起灯来！,马伊埃特一听，若有所思地摇了摇头。,0.0,0,0
可是，这只神秘的东西是怎样被捉到的呢？,可是又是什么东西支配着这疯子呢？,0.0,0,1
他马上就认出他，这就是和他争夺本地政权的敌手，高鲁布有好一笔旧账还没有和他清算呢。,他马上就认出来，这就是和他争夺本地政权的敌手帕夫柳克。,0.5296,1,1
够了，你们回去吧我受不了！,娜塔莎，把衣服脱了，亲爱的，睡到我床上来吧。,0.0242,0,0
别的人也唱来着，米尔小妲也唱来着——她唱的是心穷的深处酣睡的回声，好像她有一百岁那样老似的——这样，夜色就来到了。,壁炉架上枝形烛架的光正好照耀着他。,0.0644,0,0
什么软件可以用来做头像？,什么软件可以做头像？,0.9823,1,0
"当前我们采取的许多治理整顿措施,本身就是深化改革的重要内容",当前我们采取了许多措施,0.5429,1,1
今天的天气很好哦,温州今天天气怎样,0.0,0,0
公爵小姐很快站起身来迎接他，向他伸出了一只手。,公爵小姐连忙站起身来，向前迎着他，伸出了手。,0.9403,1,1
我一宥见他，心里就想:真是个棒小当他走近时，我便问他:唆，小伙你么存路不走啊？,丽扎韦塔站在房间中央，两手捧着一个大包裹，木然望着被杀害了的姐姐，脸色惨白，像块亚麻布，仿佛没有力气叫喊了。,0.0006,0,0
格雷戈里把他的意见系统地说了出来，几乎和福尔摩斯在火车上的预言完全一样。,伯爵冷冷地说道。,0.4233,1,0
这项新政策对学生的成绩、考试成绩和高中课程给予了最大的重视。,学业成绩-包括成绩、考试成绩和高中课程-被列为最高优先。,0.5747,1,1
直到他在家乡车站下了车，认出外套领子竖起的独眼车夫伊格拿特，看见车站朦胧灯光下他那辆垫着毛毯的雪橇，他那几匹系住尾巴、套着饰有铃铛和璎珞的马具的马，车夫伊格拿特一面安放行李，一面告诉他村里的消息，告诉他包工头来过了，巴瓦生了小牛，——直到这时，他才觉得头脑清醒了一些，羞耻感和自怨自艾的情绪也逐渐消失了。,但是当他在自己家乡的车站下了车，看见了他那翻起外衣领子的独眼车夫伊格纳特的时候；当他在车站的朦胧灯光下看见他的垫着毛毯的雪橇，他的系住尾巴、套上带着铃铛和缨络的马具的马的时候；当车夫伊格纳特一面把他的行李搬上车来，一面告诉他村里的消息，告诉他包工头来了，帕瓦养了小牛的时候，——他才感觉到他的混乱心情渐次澄清，而羞耻和对自己不满的心情也正在消失。,0.484,1,1
港澳通行证签注,港澳通行证签证,0.9811,1,1
我用花呗付的摩拜单车，为什么我退了押金还让我还花呗,我之前膜拜押金用花呗支付的，我今天***号如果想退押金，这个钱会抵我这个月的账单么,0.0,0,0
现在我想起来了，这是前天沃林采夫拿它当灯罩用来着，后来他自己还动手找，找得满头大汗还是找不到。,太阳虽然已经出来了，可是根本看不见它的存在，只是靠了它发出的光线，才能辨别出它的所在。,0.0386,0,0
这里的这个真是太好了,这里的那个很可爱。,0.0,0,1
聂赫留朵夫回到家里，看门人交给他一张字条，多少带点鄙夷的神气，说是一个女人在门房里写的。,他们却问你:他多大年纪呀？,0.0682,0,0
杨紫生日,那你喜欢王一博吗,0.0,0,0
哼，你扯到哪儿去了！,他们这是上哪儿去了！,0.6553,1,1
命运真的是天注定的吗？,人的命运真的是由天注定么？,0.9833,1,1
原来是她！是女公爵！,妇女会的会员们都吃吃地笑起来，只是那个叫做苔丝的姑娘除外——她意识到她的父亲在众人眼里出丑卖乖，不禁感到脸上发烧。,0.0476,0,0
一男一女在河边散步。,一男一女在河边散步。,0.7489,1,1
基度山没有回答，站起身来在房间里慢慢地踱来踱去——因为怕他那颤抖的声音会泄露他的情绪。,基督山站起来，他一言不发；因为他此刻如果说话，他那颤抖的声音会暴蕗出他内心的激动的，于是他开始在客厅里踱步。,0.2374,0,1
谁知她的表弟早已走掉了，一听到这消息，她又是大哭，又是哀号，埃德加只好亲自安慰她，跟她说明白了，要不了多久，小林敦就会回来；不过他后面又拖了一句话:要是我能够把他弄回来，而这可是没有希望的事啊。,理发师就像桑乔说的，骑着一头棕驴。,0.076,0,0
一群人在木地板上举着一个金属框架。,一群人拿着画框,0.221,0,1
我的花呗分期了一次还能分期不,花呗可以一次分期两次吗,0.0,0,0
男爵？他是个顶好的人，心地好，学问也好就是没有性格他这一辈子，始终只能是半个学者，半个俗人，这就是说，只能是个票友，也就是说，说得干脆一点——不成家数多可惜！,是的，腾格拉尔向爱德蒙扫了一眼，仇视地说，是的，他的确很年轻，而年轻人总是自视甚高的，船长刚去世，他就跟谁也不商量一下，竟然自作主张地独揽指挥权，冲下面发号施令起来，并且还在厄尔巴岛耽搁了一天半，没有直航返回马赛。,0.0623,0,0
穿着安全夹克的建筑工人似乎在用铲子戳一些有趣的东西。,安全人员飞过云层,0.0,0,0
那你叫我怎么办？,卡齐莫多一刻也没有停止战斗，突然看到流浪汉们溃逃，不由跪倒在地，举手向天；随后，欣喜若狂，如癫似醉，好像鸟儿一般飞速奔跑，爬上那间他曾那样视死如归。,0.0067,0,0
求这张权志龙的原图,求这张权志龙的原图！急！,0.9857,1,1
红包怎么抢到那里抢,抢到了多少红包？怎么抢？,0.9487,1,1
现在有什么好玩的网络游戏,什么网络游戏好玩呢现在,0.9844,1,1
马不停蹄,老牛破车,0.0,0,0
一旦我把孩子从垂危中救出来后，我只该做一件事，正如您所说的，那就是把他送交给他的母亲。,您在胡说！不，不是我的错觉。,0.0465,0,0
那一天，克什米尔号便是这样做的，它停泊在铺地上。,学生们有没有你预料的专心？,0.0,0,0
莫琳·多德引用了恢复中的脚趾吸管者对为什么总统可能会有游荡的解释，让我们假设，好吧。,我们假设Dowd的报价是正确的,0.0663,0,1
将调整每个设施的分配，以确保每年分配的津贴总额不超过271 000吨。,即使经过调整，这些设施每年的分配津贴也不会受到限制。,0.7742,1,0
他们大都步行，少数幸运儿骑着投降条款允许他们保留的羸马痩骡，即使外行也看得出，这些可怜的畜生决计支撑不到遥远的佛罗里达或佐治亚南部。,碰破了吗？是的，碰伤了，感到非常幸福的拉祖米欣喃喃地说。,0.1464,0,0
同样，他们也找到了另一个电工和机务员。,你说我同安娜谢尔盖叶夫娜的什么事情？,0.0038,0,0
一群穿毛毯的女孩,女孩们穿着毯子待在户外。,0.6196,1,1
如果她出去了，一定是为那几个孤儿的事去找一位太太。,帕利亚内查少尉并没有死，他把电工找到了。,0.0189,0,0
他们全都知道到哪儿去找野菜，我也知道。,小鬼们怕您，并不比您怕他们来得轻些。,0.0,0,0
我先把目光投向下面的海岸；然后举目仰望太阳，使我惊异的是:它从左边照射着我们。,他深信，这种理智模糊和意志消沉像疾病一样向人袭来，逐渐蔓延，并且在犯罪之前不久达到顶点；这种情况在犯罪的那一瞬间还在继续下去，而在犯罪以后，还要因人而异地继续若干时候；最后像一切疾病一样渐渐消失。,0.254,0,0
你都有什么功能,你都有啥功能,0.9793,1,1
请你告诉我，桑丘，公爵说，你看到羊盖群里有大公山羊吗？,唉，阿克西尼亚！,0.0971,0,0
在哪里买一加手机,在日本往中国寄手机怎么寄,0.0,0,0
我的计划呀，兄弟，真是规模庞大:我梦想过各种各色的改善，革新你可记得，正像在拉松斯卡雅家里一样，列兹涅夫说着，带着善意的微笑。,兄弟，我的那些计划是庞大的:我梦想着各种各样的改进、革新就像在拉松斯卡碰家里那样，你记得吗？,0.6023,1,1
要我帮忙吗？我问。,另一方面，还可以举一个确确实实的例子，我有一个老同学布里杜，目前在马帕卢街开业，他有一条狗，只要一闻到鼻烟味，就会倒在地上抽搐，他还在吉约林别墅里，当着朋友们的面做实验。,0.0035,0,0
在场的都是自己人。,不，您的朋友拉祖米欣扎梅托夫先生，您的日子过得不错呀；可以不花钱到最开心的彼得堡的一个区，与彼得堡市中心仅一水之隔。,0.0,0,0
韩菲诗护肤品怎么样呢？,韩菲诗护肤品怎么样,0.984,1,1
皮拉尔神父告诉侯爵，有人想使用侮辱他的办法来迫使他提出辞职。,他只觉得，他如果看到黎吉亚被行刑处死，他对上帝的爱就会变成恨，他的信仰也会变成绝望。,0.1032,0,0
快，快！这囚犯又一次俯身纸上。,如果皇帝能保住王位，那么杰拉尔就需要一个不同的联姻来帮助他的事业，他的父亲己负责再给他找一个了。,0.0764,0,0
虽然我看到那些军官进了宅里，听到他们在楼上的客厅里谈话，而拉钦大小姐就在那儿弹竖琴，我的心就跟扎了一刀似的，但是我还是有两三次，在人家全家都上床安歇了以后，作出体弱不支、心疼难烧的样子来，在那所宅子周围转圈儿。,虽然亲眼见那些军官走进去，或听到他们在最年长的拉金斯小姐正弹着竖琴的客厅里的动静，这些都令我伤心，但我仍然常在拉金斯先生的住宅外踱来踱去。,0.4041,1,1
对海上的人来说，像这样猛然的打击，也并不值得大惊小怪。,对海上的人来说，这样猛烈的打击并没有什么可以大惊小怪的。,0.9833,1,1
两个人穿着武术服装互相扭打。,两个武术家打架。,0.48,1,1
笑话笑话笑话笑话,笑话视频,0.0007,0,0
我的意思是，这是很好的尝试教给年轻人一些，呃公民的，呃意识，但迫使他们基本上捐赠他们的时间和努力。,这是很好的尝试教育年轻人的公民意识，但这是不公平的，让他们奉献他们的时间和努力。,0.708,1,1
那么您也相信上帝吗？,您也也也信仰上帝吗？,0.9738,1,1
对他来说，正像他所说的，只是照章办事，把今天下午发生的事情记录下来；即使您现在就用我的话来问他，他也不会再说什么。,妖婆！萨沙在背后这样叫她。,0.03,0,0
理由是，因为这个美丽的国家的女人，她们的生活多半是消磨在公共场所里的，实在也没有什么要掩饰的，所以她们对于自己的言语和行动很少约束。,众人为了能够听得更加清楚，便脱下风帽，全心全意地聆听着每一句话、每一个词，所有这些对他们而言都是珍贵无比的。,0.1713,0,0
他己变成野兽，他陷落在一个也变成了野兽的女人的洞穴中。,他到这个野兽女人的洞穴里，自己也变成了野兽。,0.0125,0,1
她还写道，这对薇拉叶甫列莫夫娜来说，是很必要的。,表格里有一栏要填写保尔安德列耶维奇柯察金加入俄国共产党布的介绍人的党龄。,0.0194,0,0
人们从法庭的各个通道向外涌，嘈杂急切的声音还没停歇，露茜就站在那儿向她丈夫伸出胳臂，脸上除了怜爱和抚慰之情，别无其他。,法庭上的群众经许多过道一路闹闹嚷嚷很快拥出去，还没走完时，露西向她的丈夫伸出双手，脸上只有表示爱和安慰的神色。,0.5937,1,1
随我怎样小心注意，我也忘不了我所能控制得了的只有绳子的一头而已原注:所有的捕鲸船都有猴索；不过只有在裴廓德号上才始终是把猴索跟拉绳人缚在一起。,头天晚上的大屠杀没有让每一只捕鲸船上都有猴索，但只有在佩科特号上，才一直将猴索绑在一块。,0.4729,1,1
不知道广这只麻雀就当作死人！,不知道，这只麻雀就当作死人！,0.9806,1,1
描写床的句子,描写水的句子,0.0,0,0
突然间他尖叫起来:他们很快活，这些人！,五个卢布这车东西值十五个卢布。,0.0,0,0
姓郑五行缺水起什么名字,五行缺水取什么名字,0.0319,0,0
一名男子穿着长袖、蓝色格子衬衫和棕色裤子，跪在车库里一辆轮式手推车旁边。,一个人在修车厂修一辆汽车。,0.0621,0,0
她那玫瑰花蕾般的嘴唇，确实是爱神之弓，有着匀称的希腊美。,喂！卡尔贡特娘们他说道那位可尊敬的神甫没有骗我们，钻石是真的。,0.0954,0,0
如果您是使用的网银操作，就是您的银行卡号的。,建议您是绑定下其他的银行卡，或者您可以使用这个银行卡的网银。,0.0,0,0
小苏打哪里可以买到,哪里可以买到小苏打？,0.9854,1,1
他时常偎靠着我，拥抱我，有时抱起我满屋子走，他说，你是我真正的母亲，是养育我的土地，我爱你胜似爱瓦尔瓦拉！,他说:尔是我真土:的母亲，你就像生我养我的人地，我爱你胜过爱冗尔此拉！,0.7959,1,1
说真的，这个黑影可能是一张帆。,我最亲爱的朋友们啊，你们安安静静地呆一会儿吧，有些人精神错乱，硬把你们和我们分开，等一下他清醒过来，我们就又会回到你们身边的。,0.0092,0,0
在整个鲸身上，还不乏其它种种动作，在它的最有经验的攻击者看来，它浑身都是奇迹，而且不可理解。,在大鲸的全部身体中，也存在别的各种动作，即使是经验最丰富的捕鲸者都说它的身躯满是奇异，没办法领会。,0.7139,1,1
是塔尔顿太太的耐利！,这是谁写的？外祖父没有回答。,0.035,0,0
这并不是说他们提出的问题不是有趣的，也不是不合理的(尽管大多数问题都属于已经提出和回答过的问题)。,出现的每一个问题都不是有趣的，也不是合法的，但是没有人问过他们。,0.2084,0,0
对不起，夫人，我想说我感到有些惊奇，院长嬷嬷说。,好吧，院长嬷嬷，请让他进来吧。,0.0268,0,1
里恩佐可乐统治罗马,罗马没有统治者。,0.1128,0,0
行长把信放得离达奈那样近，所以他看到了信封上的字——那上面正是他自己真正的姓名，因此看见得更快。,信放在离达奈很近的地方，他一下就看见了收信人的姓名——尤其因为那是他的真实姓名。,0.8294,1,1
骑自行车玩把戏的男孩,一个男孩骑着自行车玩把戏。,0.7506,1,1
花呗怎么会被关闭,把开通的花呗 关掉 怎么关,0.0055,0,0
他们的寓所包括两个小房间和一间内房。,他们的寓所包括两个小房间和一个套间。,0.6986,1,1
他请求聂赫留朵夫帮助他，同时又嘲笑自己，嘲笑法官，嘲笑监狱，嘲笑所有的法律，不仅嘲笑刑法，而且还嘲笑宗教的戒律。,他请求聂赫留朵夫帮他出狱，不过他又常常嘲笑自己，嘲笑法官们，嘲笑监狱，而且嘲笑一切法律，不但嘲笑刑法，甚至嘲笑神的戒律。,0.1732,0,1
哦，不，不！德米特里普罗柯菲依奇，请您也来吃饭，好吗？,是这样的。贝尔图乔答道，但在七八年前，他把他的产业让给了马赛一个原来做裁缝的人，此人在他这一行当上破了产，想在另一行上发家致万。,0.4395,1,0
我昨天是单身狗,我是单身狗,0.9374,1,0
强盗们爆发出一阵大笑。,不，我不过是我顺便来问问我以为，我会在这儿找到扎苗托夫的。,0.0785,0,0
她是世界上最俏丽的佳人了。,但丁清楚感到，当时的口语还没有被一种标准文学固定下来，变化很迅速。,0.0588,0,0
逮捕他和禁闭他的是什么呢？,不是。那么是什么呢？,0.0,0,1
从他们谈话中我了解到他们结婚大约已有七年。,好，我打赌让咱们来听听，他怎样证明！,0.0,0,0
花呗不可以扫码付款的吗,花呗可以线下商铺扫码支付吗,0.0,0,0
在街头集市上，年轻女子坐在折叠椅上，一边编织一边看摄像机。,在街头集市上，年轻人坐在折叠椅上，一边编织一边看摄像机。,0.705,1,0
旁敲侧击,直言不讳,0.0,0,0
甚至有人说，还没有掌握近臣说话分寸的有很多优点的人说，公爵大人还提出了一个必须条件，请皇上也不要到军队去。,对自己的女人猜忌，往往会坠入无边的苦海，如今你安然渡过去了。,0.0107,0,0
罗塔里奥这一次似乎完全失去了理智，把自己说过的那至理名言忘得一干二净，不仅大失风度，甚至有悖常理，妒火中烧使他昏头胀脑、急不可待地想要对完全无辜的卡米拉施行报复，所以，不假思索，等不及安塞尔莫起床，就去找到他说道:你要知道，安塞尔莫，好多天以来我一直在克制着自己，不想告诉你，可是现在不能也不该再瞒下去啦。,当初，你把我可怜的爱人从她那被残杀的父亲身旁拖走，你把她抢到你的那个该死的、无耻的新房里去，你对她可曾有一星半点儿的怜悯？,0.0979,0,0
想当初她杀死那个北佳的时候并没有觉得害怕，现在她只是去跟另一个北佳说话，有什么可怕呢？,啊，爸，她厌恶地说，你说这话真像个爱尔兰人哪！,0.0,0,0
一个穿着红色上衣，戴着红色帽子，穿着浅色短裤的女孩坐在外面的岩石上。,一个赤裸的女孩坐在岩石上。,0.3932,0,0
既然大家都这么做，那就是理所应当的。,要是看门人问他:干什么？,0.0,0,0
立体主义者的代表是毕加索(包括母亲和孩子，从他的蓝色时期)和布雷克。,毕加索从来不是立体主义艺术家。,0.1259,0,0
白狗嘴里叼着网球，穿过青草。,一只狗把头垂在车窗外。,0.0,0,0
参孙回答说:身不由己疯了的人永远是疯子，而自愿充当疯子的人想不疯时就可以不疯，这便是两种疯子之间的区别。,它在趴在地上的人和马周围闻闻，然后跑到我面前；这就是它所能做的一切，——附近没有别的人可以求救。,0.0889,0,0
刚过七点钟，他就听到外面通道里的脚步声。,外面可以听到脚步声。,0.4984,1,1
福尔摩斯微笑着说。,你杀死自己为了要不失去拉维尼亚；如今你失去了我；母亲啊，我悲恸是为你的不幸，不是为别人的不幸。,0.0095,0,0
高翔远翥,高翔远引,0.9391,1,1
那么，咱们可以使用一些新的祈祷文嘛。,我不喜欢布洛克尔赫斯特先生；有这样感情的不只是我一个人。,0.0404,0,0
"别人家一开始有冰箱彩电,小林家没有,让小林感到惭愧,后来省着攒着,现在不也买了",小林家买了冰箱彩电,0.0,0,1
我试了下想抓住她的手，可她不让，她不断转过身背对着我。,西蒙松是这样的一种人，这种人主要具有男性的气质，他们的行动是由思想活动所产生，为思想活动所决定的。,0.0958,0,0
为了礼貌关系，我对这些愚蠢的畜生赞赏了一番灵提猎狗都是极其愚蠢的。,她向德龙努什卡详细询问农民的急需，并且询问博古恰罗沃的地主储备粮的情况。,0.0475,0,0
找一本言情小说,找一本言情小说！,0.9833,1,1
庙堂之器,无能之辈,0.0,0,0
我要听你唱歌,听一首歌,0.0,0,0
骨科哪个医院好？,看骨科到哪个医院较好,0.9706,1,1
不过，这也不是我自己想出来的办法，只是忽然想起了我的主人唐吉诃德的劝告。,出来可不那么容易，若不是老天派我的主人唐吉诃德去救我，我肯定就死在那儿了。,0.6576,1,1
他抬头望着天空，意识到天空已经掉了一半以上。,只有不到一半的天空没有塌下来。,0.4643,1,1
有点儿神经错乱，伙食太差，他说，啤酒喝得太少，洋姜也吃得太少，于是就病了，不过没关系，会过去的，会好起来的。,无论是世上没有印刷机也好，还是出版攻击我的书比《明戈雷布尔戈诗集》的字数还多，我都不害怕。,0.0,0,0
没有，他还在作准备。,这不是要研究学问。,0.2755,0,0
璀璨是什么意思？,璀璨什么意思,0.9794,1,1
现在用什么看电影,现在都有什么电影看？,0.0228,0,0
啦，那你到你妈妈那儿去呀广我可是这儿的女主人！,好！棒！棒哇！,0.0,0,0
格温普兰成为他的丑脸的闪徒，可是他是和女神一起被囚的。,格温普兰的畸形把他囚禁起来了，可是同蒂在一起。,0.0,0,1
他没上桥，在旁边人行道上站住了，并且竭力不让拉斯科利尼科夫看到他。,丽达把手伸进制服口袋，掏出一支发亮的勃朗宁手枪。,0.0345,0,0
我要你念别人说的最后那旬活。,没让你念我说的最后一句话，蠢货！,0.0,0,1
人生自古谁无死留取丹心照汗青,人生自古谁无死留取丹心照汗青的意思,0.6001,1,0
从上面看某人倾向于出售一盘鱼的景象。,有一盘鱼在卖。,0.5561,1,1
但我们不能忽视任何预防措施。,忽视预防措施是可以的。,0.2993,0,0
现在我可以自由退席了吗？,啊！这一来我们世俗的根子就露出来了，辛巴德大声说道，我们常常从幸福旁边擦身而过，却没看它一眼，更没注意它；或者，我们确实看到了，注意了，但却不能认出它。,0.0743,0,0
过十二点了，她说，而今天是星期六。,她大叫一声，仿佛就要永远失去他了。,0.0773,0,0
购物者沿着看上去像购物区的街道走来走去，那里有一些色彩鲜艳的建筑。,购物者走在一些色彩鲜艳的建筑物附近。,0.5671,1,1
人概基督当初也齐经是这样的怪人您会同意我这么说吧，要知道，他有些东西也瞎编得错嘛使我感到惊奇的是所有这钱人都很少而且也不乐意谈论上帝。,您会同意我这样说:有些东西他虚构得还不坏呀，使我奇怪的是所有这些人都很少谈到上帝，也不髙兴谈上帝。,0.7409,1,1
夜间亚洲建筑的外部。,这栋建筑在法国巴黎。,0.1585,0,0
而且是特别强调，那么执糊地特别强调，吗，您说，这可能吗，这可能吗？,好了，咱们走吧。,0.1835,0,0
一群孩子走在一条城市街道上，经过涂鸦、一辆小车和几辆自行车。,一群成年人走在纽约市的街道上。,0.3889,0,0
一对新婚夫妇在客人中间欢庆。,一对新婚夫妇情绪低落，闷闷不乐。,0.3727,0,0
舍下很以能和维尔福先生联姻为幸，而我所寻求的只是幸福。,他问。哪里捉得到，康斯坦丁德米特里奇！,0.0,0,0
他的脚印因为久站在那里而深深地印透了地上的雪。,最近一段时期，他很容易发脾气，心情紧张，近似患了疑心病。,0.0635,0,0
又是些漂亮的句子，他想；但是他在看信时，看着看着脸发白了。,看来，她忘记了自己的年龄，习惯成自然地把自古以来妇女就使用的全副本领都施展了出来。,0.0,0,0
今年男生流行什么发型？,今年流行什么发型男生,0.9792,1,1
于是她的眼光转向天空，那儿，神秘的上帝在处理一切事物，而即使你犯了一次过失，不，甚至犯了一件罪恶，有时也能得到祝福。,您看，我可比您坦白。,0.0603,0,0
道路建设箭头指向左边。,有道路建设标志。,0.0,0,1
玩穿越火线用什么加速器好？,玩穿越火线用什么加速器更快？,0.9158,1,1
哦，对了，教练，是的，这是另一个我不想错过的，虽然它曾经是更好的，我不知道它看起来很好,我会尽量不再错过一次。,0.2466,0,1
"也是一边学习,一边工作的.","工作占据太多时间与精力,根本没时间学习",0.0,0,0
至于瓦罐碰石头，连瞎子也能看得一清二楚。,至于石头碰坛子的结果，就是瞎子也能看见。,0.0,0,1
这完全是他想报私仇。,只是一万卢布在必要的时候，到底是一笔可观的数目。,0.1906,0,0
求泰坦之旅不朽王座修改器,求泰坦之旅不朽王座修改器,0.9808,1,1
两个秃顶的拳击手在打架，左边的那个被右边那个黑皮肤的拳击手打了一拳，他扔了一个左钩。,两名拳击手,0.1748,0,1
手机电池多大,手机电池有多大,0.9816,1,1
假如我处在你的地位，这些问题我当然是希望能得到解答的。,我们不会有漂亮的新马啦，也没有大堆的金钱买礼物啦！,0.0106,0,0
我并不富有，我的生命经常在危险中。,念呀。老人继续说。,0.1806,0,0
"持续深化农村改革,广袤乡村必将焕发新的生机活力",农村改革就是要革除农村旧有的一切看似与现代化不符的东西,0.0,0,0
八年级上册寒假作业答案（苏教版）,2010年八年级寒假作业的答案（物理）,0.0,0,0
小布给我打开QQ,给我QQ,0.931,1,1
加以儿童贩于们善于保守秘密，不爱多嘴，他们答应保守秘密之后就遵守诺言，这样做对国家大事是必要的。,他们答应你保守秘密，并且很守信用，这对国家大事来说是很重要的。,0.5209,1,1
桑丘老兄啊，参孙说道，你讲起话来简直像个大学教授。,他回答说:唐吉诃德先生，您刚才说的那些，我不否认有部分是事实，特别是那些与西班牙骑士有关的事情。,0.0,0,0
播放陈瑞的歌,来几首陈瑞的歌,0.668,1,1
保存照片左上角时间取消,怎么才把保存的照片左上角时间取消,0.9536,1,0
有三个人在游泳池里打水排球。,人们都在游泳池边,0.1198,0,1
既然我有了机器，别人就会同意我赊帐。,第二条:本镇实施戒严令，每晚八时起禁止通行。,0.048,0,0
此外，对于玩家可以用他的卡和筹码做什么，以及他可以把手放在什么地方，都有严格的规定。,你被允许做什么是有严格规定的。,0.2424,0,1
你为什么纠缠不休？,那你为什么引诱她？,0.0,0,1
太太，想喝点儿茶。,列别贾特尼科夫说的那个煎锅不见了，至少拉斯科利尼科夫没有看到；不过卡捷琳娜伊万诺芙娜虽然没敲煎锅，在她逼着波列奇卡唱歌、廖尼婉和科利亚跳舞的时候，却用她那干瘦的手掌打起拍子来；而且她自己也跟着和唱，可是由于痛苦的晐嗽，每次唱到第二个音的时候，就猝然中断了，这样一来她又感到悲观失望了，于是咒骂自己的咳嗽，甚至会晃起来。,0.1416,0,0
这声音不象他。,声音不像他的。,0.8668,1,1
在集市上，一个穿绿色制服的女人在路上溜冰。,穿绿色衣服的女士正在街上溜冰。,0.5928,1,1
三个人走在一个彩色帐篷前面，帐篷上挂着一个牌子。,飞机上的一群人。,0.0401,0,0
如果A国的居民人数是B国的两倍，那么A的代价函数的斜率和截距将是B的代价函数的斜率和截距的两倍。,斜率和截距与种群无关。,0.0,0,0
我已起来跪着为罗切斯特先生祈祷。,他先深深吸了一口气给自己鼓劲，然后勇敢地走上前去拦住科恩中校。,0.06,0,0
如同一位少女欣然站起来，前去参加跳舞，只是为了给结婚的新娘争光，不是出于任何虚荣心，同样，我看到那个变得更灿烂的火光向着另外那两个正在按照与他们热烈的爱相适应的歌曲节拍舞蹈的火光而来。,四年以后，你见我是一个虔诚的基督徒，然后就来害我了，也许我永世不得翻身了！,0.1886,0,0
一个男孩在玩狗和飞盘。,狗一个人在外面,0.1652,0,0
病得很厉害。你看见过他？,看见你服丧，我很难过，先生。,0.0,0,1
说也可笑，他当真变得十分厌恶起飞行来了。,他所在的这个地方，一切都呈现出神奇的景观；他仿佛身在幻境。,0.1999,0,0
一名男子拿着一个虚空的袋子，让另一名男子在地铁三明治店前搭便车。,一位父亲正在厨房的桌子上帮助他的儿子做家庭作业。,0.0034,0,0
猜神指自由意志的力量，这种力量能克服一切障碍有的注释家认为指但丁和维吉尔游地狱后，还须要从地心上到地面上重见夭曰重见群星；有的注释家认为指他们还须婆攀登炼狱所在的净罪山的各层平台到达山预的地上乐园。,后父正在做弥撒，外祖母打发我到一个犹太女人——小铺子女老板那儿去买烟，碰高尔基的母亲于一八七九年八月五日死于肺结核，终年三十五岁巧没有现成的碎烟，只好等女老板把烟叶搓碎，然后把烟送给外祖母当我回到外祖父那里的时候，母亲坐在桌子旁，她穿着淡紫色的衣服，头梳得挺好看，跟从前一样派头十足。,0.358,0,0
怎么？堂吉诃德问，你摸到什么了？,尼可拉彼得罗维奇叙述了他在自己所谓农庄生活中所遇到的种种事故，又讲起一些就要发布的政府的新法案，还谈到各种委员会，选派代表，以及采用机器的必要，诸如此类的问题。,0.1097,0,0
在农村地区，带着婴儿车的狗和女人跨过一座桥。,一只狗和女人抱着婴儿车跨过一座桥。,0.5955,1,1
我叫十么名字,我的名字叫十么,0.9723,1,1
尤索林断定自己这回终于摆脱了她，心里感到很宽慰。,紧挨着书桌放着一张张矮桌子，录事们就坐在矮桌子旁边，在官员需要笔录的时候，他们就根据口授写下来。,0.2735,0,0
亲爱的罗季昂罗曼诺维奇，我可以拿人格担保，请您相信，您引起了我很大的兴趣。,罗吉昂罗曼诺维奇，我使您受到了很大痛苦。,0.0,0,1
一个在轮胎秋千上摇摆的男孩。,有个孩子正疲惫不堪,0.0,0,1
在各个地方，在店铺里和各个住宅里，到处都有很多这样的人；但是军队已经不存在了。,这种人到处都有，店铺里、住宅里都有很多；但是军队已经没有了。,0.9842,1,1
是的，它就在我面前。,她问。这时她明白了为什么他总知道韦德喜欢什么礼物。,0.0524,0,0
你为什么关不了机,你怎么不能关机呢,0.9656,1,1
你不愿意跟那些穿着龌龊制服的人们一个样子。,世界上最丑的东西要算快乐了。,0.0274,0,0
一个穿蓝色上衣的女人，梳着另一个女人的头发，穿着绿色的上衣。,穿蓝色上衣的女人刷绿色的上衣，戴着女人的头发,0.4717,1,1
一群人聚集在店面附近，黄色的海湾窗户被围在一道水栅栏后面。,人群正在散去。,0.2509,0,0
特别是德里有非常现代化的设施，许多设施是为1982年的亚运会而建造的。,德里没有任何设施可供提供。,0.2177,0,0
你到这儿来干什么？,要偿还波维里先生这个月十五日到期的另十万法郎和下个月十五日到期的十万，莫雷尔先生除了等待法老号回来，再没有别的希望了。,0.0103,0,0
伯爵说的是实话:在人生中最有趣的一件事，就是观赏处死人的场面。,我不是在信里常常跟你谈到她吗。,0.0401,0,0
他认为这很自然，同样，卡丽恩反倒乐于跟他这样一个陌生人谈谈，他认为这也很自然。,他认为它看作很自然的事，正像他觉得卡琳很乐意跟他这个陌生的人说话是很自然的。,0.902,1,1
等我们读到时，对此将有明确的认识，因为诗人在那里指出，炼狱本部高出大气层变化的范围，没有雨、露、霜、雪和冰。,这里的一切不会发生任何的变化；在这里作为原因而发生作用的，不是别的，而是上天所接去的东西:因此不论降落下来的是雨，是雹，是雪，是露，是霜，都不会高于那短短的小阶梯的三个梯级。,0.2049,0,1
纵放繁枝散诞春,诲女知之乎的意思,0.0,0,0
伏玲采夫站了起来。,沃伦采夫站了起来。,0.7144,1,1
——她问候了我，我谢过她，站起身来，走到她跟前，问她是不是孩子的母亲。,看样子，他老人家从天向地下看啊，看啊，看我们大家，但耵时他又会号啕大哭地说:我亲爱的人们，你们是我的人啊！,0.0203,0,0
怎么！在我丈夫安葬的日子里，受了我的款待，却要撵我出屋，赶我和死了父亲的孩子们到街上去！,怎么在我丈夫下葬的这一天在我家吃饱喝足了，还要把我和一群孤儿们赶到街上去！,0.9696,1,1
这个又惊又喜的小姑娘含着眼泪露出的微笑似乎在这样说，她抬起手搭到安德烈公爵肩上。,罗西南多一倒地，它的主人也摔得滚了很远。,0.0207,0,0
他就这样拿着它们睡着了。,他拿了钱，她们就走了。,0.0967,0,1
怎样用微信泡妞,微信怎么泡妞,0.9861,1,1
就像刚才描述的那样，唐吉诃德站在罗西南多背上，在窗洞里伸着整只胳膊，拴在门闩上的缰绳扣住了他的手腕。,这是一个好伙伴，他聪明，快活，心地纯洁。,0.0433,0,0
这尸体显得古怪又庄严，凝望着它，只有忧伤，只有痛苦，激不起任何温存、甜蜜与惋惜，也感觉不到任何希望或压抑，只有一种为悲哀——而不是哇损失——所体验到的锥心痛苦——这种死法的恐惧伤，无泪的沮丧。,后来他们对那个可怜的孩子怎样了呢？,0.0339,0,0
布里尔在一大片金色的麦田里吃草。,布里尔家饿了，没有东西吃。,0.1088,0,0
他认为，有财产的人物——也就是体面人士，同没有财产的人——流浪汉、妓女、罪犯、腐化堕落分子、无神论者、粗鄙下流的人等相比，理应得到较多的选票。,让我过去！拉住缰绳，瑞德一面跳下马，一面把缰绳扔给彼得大叔。,0.057,0,0
别的小霍里听到了费佳的悄皮话都微微一笑。,您应该关心她们，爱护她们，可是您只是吓喊她们这跟您有什么关系？,0.0,0,0
这句话的确不错，卡德罗斯答道。,他寻思:要是戴吕谢特看到我在这儿无所事事，她会怎么想我呀？,0.0354,0,0
在同一地点还有一个汽车博物馆和坎伯兰玩具和模型博物馆，庆祝英国玩具制造100周年。,英国的玩具制造传统始于大约100年前。,0.367,0,1
我实话实说吧，米考伯太太说，说到这儿，把声音放低了这个话我可就是跟你说他们接待我们，态度极其冷淡。,事实上，米考伯太太压低声音道，这只能对我们自己人说说——我们受到的是冷淡的接待。,0.3616,0,1
等他走出去，律师的妻子评迦尔洵—，俄国作家价道。,律师的妻子等到他走出去以后，说了他这样一句。,0.3041,0,1
是的，我觉得可以了，国王一边说，一边从拉谢斯内手里抓起一把金市，放在达德尼昂的手里。,她脸上闪过的表情和她情绪的变化开始把我吓得要命；而且使我想起她上次的病，以及医生告诫说万不可以让她生气。,0.1215,0,0
一个穿黄色衣服的女人走在城市的一棵树旁边。,一位女士在外面的一个城市里散步。,0.2099,0,1
她站在那里没有走。,她站在那儿没走。,0.945,1,1
骤然间，人们扰动起来了。,到底是怎么回事，她怎么也不明白。,0.0104,0,0
国会意识到在这些方案下出现的问题，以及临时外籍工人的特殊脆弱性。,在这些方案下，临时外籍工人特别容易受到伤害。,0.4949,1,1
这么着，要是您害怕的话，布朗谢先生，达德尼昂接着说，您就不用跟我去了；我宁可一个人上路，也不愿意带个只会打哆嗦的伴儿。,我想是的，不用说，他爱慕她。,0.0,0,0
是您的朋友转账到您的这个手机号的支付宝账户的吗？,转账到支付宝账户是立即到账的，帮您核实，款项已经进入了对方支付宝账户。,0.0,0,0
言行一致,心口不一,0.0,0,0
一年的期限只剩几个月了。,有上升必有下降。,0.0,0,0
他们两人分别之后，维尼茨尤斯来到了书房里，开始给莉吉亚写信。,一级准尉怀特哈尔福特曾经发誓，说等哪天夜里我睡熟了的时候，他要割断我的喉咙。,0.0183,0,0
5健康的男人在砖砌的小路上跑步。,5个人跑到外面。,0.4284,1,1
功名利禄,功名富贵,0.7657,1,1
你躲到哪儿去了？,我是写了，说我结婚了——你看见那封短信的。,0.0,0,0
我怎么敢送您礼物呢，您别那么想！,现在他怀着比较轻松的心情，听任他的两个助手在回家的路上嘻嘻哈哈地逗乐。,0.0,0,0
阿尔培说。您要跟谁决斗？,因为他刚刚喝了几杯，正摆出一副找人打架的神气，她凭经验知道这就要出事了。,0.0217,0,0
这个女人把自头上的女公爵下冠脱下来，扔在个小丑的戏台下面！,阿尔卡季帕夫雷奇客气地向他们点点头。,0.0072,0,0
我站在那里，环顾四周，不觉打了个寒噤，这天的户外活动，天气恶劣，其实并没有下雨，但浙浙沥沥的黄色雾霭，使天色变得灰暗；脚下因为昨天的洪水依然水湿，身体比较健壮的几位姑娘窜来奔去，异常活跃；但所有苍白瘦弱的姑娘都挤在走廊上躲雨和取暖。,我看到特洛伊化为飞灰，变成废墟一片，哦，伊利昂，从那里看到的形象把你雕刻得多么低微和卑贱！,0.0337,0,0
敷衍是什么意思？,敷衍什么意思,0.98,1,1
所以当他把我解救出来后，我很自豪，他看了看，去检查了一下，他只是笑了笑，他说，西西，我很抱歉，但我们要重做一遍。,在我被解救出来后，他检查了一遍，告诉我们必须重做一遍。,0.3426,0,1
一个戴着金头盔的足球运动员正在和足球一起跑。,运动员扔球。,0.3594,0,0
人们站在外面用麦克风看着卡车里的女人。,站在外面的人都死了。,0.2097,0,0
在这种式样的房子里，像这样的小住宅差不多都装这种门铃。,立即和新郎一起与警方联系，目前警方正在大力调查，这件离奇的事件有望很快水落石出。,0.0966,0,0
只有社会状况的两个指示器能表明莫斯科所处的状态，一是平民百姓，即穷人阶层，二是物价。,只有两种社会状况标志着莫斯科当时的情势:老百姓，也就是贫民阶层，和物价。,0.0891,0,1
这个吗？谁知道他是什么人！,正如在这里，那位天国贵妇的光荣座位与在这座位之下的其他座位，形成一条分界线，同样在对面，则有那伟大约翰的座位，他作为始终的圣者，曾遭受荒野之苦与殉道之惨，后来又在地狱受苦两年；在他下边，座位也同样分有界线，方济、本笃和奥古斯丁，以及其他，也环坐在这一圈到那一圈，直到这里的下面。,0.2141,0,0
当包奇科娃和卡尔津金在宣判后也被押到这个房间里时，她正处在这样的精神状态。,你现在已经讲开了，就把它讲完吧。,0.0807,0,0
笑话我听听,说笑话吗,0.0,0,0
但是，除了所有这些古老的遗物而外，它还有许多新奇的特点，说明着它五十多年来所从事的那种艰险的工作。,然而，不仅有这些古董，此外还有一些新颖别致的特点，这牵涉到了半个多世纪以来它所做的那些令人发疯的事儿。,0.5249,1,1
我在地上躺了一会，把脸埋在潮湿的草地上，我有些担心——或者说是希望——我会死在这儿。,但是由于我已被视作我寝舍的开心果，我又意识到虽然我是最小的，却因为我的故事在同学中广为传开而引起很多对我的关注，于是这反而激发我努力用功。,0.1887,0,0
一个穿着条纹泳衣的年轻女孩在海里跳跃。,一个女孩在海滩上建了一座沙堡。,0.0342,0,0
一个女人坐在一个大圆锥形喷泉旁边的墙上。,这位妇女正在她的卧室里在家看书。,0.0155,0,0
充进花呗额度还需要还吗,花呗超额了还能用吗,0.0,0,0
是啊，怎么呢伊利亚彼特罗维奇以高贵的气度漫不经心地说他甚至不是说怎么呢，不知怎的，说成了是啊——咋么呢！,难道他不是好多了么？,0.0171,0,0
这一套话，斯佳丽己经听到许多人说过，如果有人再对她说她会厌烦地尖叫起来。,她怕一听到有人提他的名字，她就会哭起来。,0.2865,0,1
等一等。我晓得。,等一等。我说一点。,0.6228,1,1
上你家老板的那张脸还挺招人喜次嘛。,此时，这张面孔正从镜子里张皇失措、惊恐不安地冲他眨着眼睛。,0.0692,0,0
手环消息,手环消息不提示,0.0,0,0
她又会因此比现在增加什么美德呢？,那些男人当他们需要的时候，玩弄像她这样的女人，而像她这样的女人也总是尽量利用他们为自己获得好处，所以她才向他诱惑地一笑。,0.2072,0,0
啊这就对了唉，你们呀不知怎么地，外婆像陀螺似地转着，一转眼就把所有的人拥抱和亲吻了个遍。,原来是这么着嗨，你们这些人外祖母像陀缥似的乱转，转眼工夫就把所有的人都拥抱过，亲吻过；她推着我走到人们面前，急忙地说着:快点快点！,0.6468,1,1
在这土岗上有一群军人，可以听见司令部人员用法语说话的声音，可以看见戴着红箍白帽的库图佐夫，他的灰白色的后脑勺缩在肩膀里。,我们有个孩子，我们可能还会有孩子们。,0.0167,0,0
陌生人就那么微微皱着眉头，又对他看了一会儿，而后离开窗口，慢慢地从客店里走出来，走到离达德尼昂两步远的地方，面对那匹马站定。,那个贵族又面带淡淡的微笑，把他打量了一会儿，接着离开窗口，慢慢走出客店，来到和达尔大尼央相距两步远的地方，正好在那匹小黄马的前面站定。,0.0386,0,1
她站着的这个门口，正和她丈夫进来的那扇门相对，她的手不知为了什么原因搁在那镀金的门柄上，直到基度山转过身来的时候，才让它无力地垂了下来。,这场病由来已久，潜伏期也很长是不是？,0.0002,0,0
现在她一定长大啦！,啊！十五年！现在她该长大了！,0.9814,1,1
人的命运真的是由天注定么？,人命运真的是天注定的吗,0.987,1,1
一只棕色的狗跑到户外。,棕色的狗在外面。,0.573,1,1
一位黑人女士坐在一张椅子上，一辆装满袋子的推车在她旁边摆着，一面砖墙上挂着涂鸦，后面还有一个链环篱笆。,坐在椅子上的女人是白色的。,0.0296,0,0
咱们当然一块儿吃饭。,问他:某日某时，你跟米特里一起干活的时候，看见楼梯上有什么人没有？,0.0,0,0
我走了一趟，很高兴。,我真高兴我走了这一趟呢。,0.9803,1,1
军事委员保尔，就用着这方法，一面骑马绕着草场狂跃，一面不断叱骂他们，终于把他们驱散了。,保尔这样一面骑在马上绕着草场囚猛奔驰，一面不断地开枪，终于把他们驱散了。,0.4542,1,1
恐怕没有工夫了，聂赫留朵夫冷冷地回答，竭力装作没有发觉她脸红。,聂赫留朵夫忧郁地回答，竭力装作没有发现她脸红的样子。,0.4755,1,1
离婚这件事目前对她来说是个生死攸关的问题。,如果我没有像过去那样和你亲近——近来不像我以前那样——那并不是因为我不爱你。,0.0684,0,0
有没有哪个网站能免费阅读VIP小说,哪个网站可以免费看小说,0.9251,1,1
！弗朗兹重复了一遍。,大多数会员都坚持要他清清楚楚地重复一遍，他照办了。,0.4824,1,1
我们街上的一座房子，众来了位脑门上长着个症搭的老爷，他有个非常怪的癖好:每逢请假期，他总坐在窗用鸟枪的霞弹打狗、猫、鸡和乌鸦，看见他不喜欢的行人，也对着射击。,古语有如地牢这几个字还不足以形容这个地窖，除非你设想地窖跟捕狮子或者老虎的陷阱有同样的规模。,0.0143,0,0
在那一群向家墓拥过去的人堆里，夏多勒诺认出了摩莱尔，他是独自乘着一辆轻便马车来的。,没有人答应。他踮起脚尖用石头不轻不重的敲玻璃窗，轻得敲不碎玻璃，重得使人能够听见。,0.06,0,0
有些男人不能忘记和似乎不想。,有些人不能忘记，有些人似乎想要记住。,0.2334,0,1
他们派人去叫了一辆轻便马车。,恰好此时该轮到朱庇特拿着霹雳上场，可是朱庇特却站在戏台下面呆若木鸡。,0.0,0,0
三人坐在一家中餐馆谈论菜单。,人们在交谈。,0.414,1,1
好吧再给你一次机会,给你一次改正的机会,0.6352,1,1
突然响起了尼古拉彼得罗维奇的声音。,罗季昂罗曼内奇，请让她坐在您旁边。,0.1346,0,0
阳光照耀着整个世界，从屋顶下他可以看到蔚蓝的天空，当他看着的时候，天空中的裂缝变得平滑了。,照在世界上的阳光是不正常的。,0.2891,0,0
此外，在他妻子分娩的时候，出了一件对他来说异乎寻常的事。,对他来说，那十分钟是非常难以度过的。,0.1302,0,0
梦见别人偷自己东西,梦见别人用有火的东西打我,0.0,0,0
抛戈弃甲,冲锋陷阵,0.0,0,0
矮脚姑娘用头巾紧紧裹住了；，摇摇晃晃走过来，对我古吨着说:你进作坊去吧面包师边从街往外彻面，边我讲述他的情人多么使人快慰，比人从来不知疲倦。,啊，连您也上了圈套，彼得格拉西莫维奇迎着聂赫留朵夫扬声大笑说。,0.0,0,0
观众已经成了圆戏场里的主宰。,观众己经成了圆剧场里的主宰。,0.9539,1,1
有什么魔法动画片,有什么有关魔法的动画片吗,0.9818,1,1
他明智地点点头。,是的。你们要车夫从波波洛门出去，绕城墙转一圈，再通过圣乔瓦尼门回来是吗？,0.0087,0,0
我知道，大夫来也救不了我，但他或许可以给我接接力，让我多活一会儿，好告发他。,暗，至少可以在这儿住一个时期嘛。,0.0,0,0
领我走出这座房子，不要让任何人看见我离开。,维尔福问，快带他离开这座屋子，别让他看见爱德华少爷不在下面，先生，贴身男仆回答说。,0.3457,0,1
我怎能跟这个野蛮的偶像崇拜者去一起膜拜他那块木头呢？,那些说话的声音是压抑的，偶尔只能模模糊糊地听出一两个字来，似乎也不像是在谈话，可能只是有人在口授或者大声读着什么东西；发出杯盘丁当声的房间听不见一声人语，而捶打声使想起了不知什么时候有人告诉过他，说有些官员偶尔自己也搞些木工、翻砂等等的活儿，为的是要调剂一下连续不断的紧张的脑力劳动。,0.0189,0,0
但这时要是有谁看见那位法官，见到他被打击得垂头丧气的样子，他就不能相信维尔福曾预料到会发生这种事情；的确，他怎么也想不到他的父亲竟会坦白或冒失到把这样的一段历史讲出来。,第三个副官在古钢琴上弹奏维也纳圆舞曲，第四个副官倚着琴跟着曲调唱。,0.1134,0,0
此刻是二十四小时中最甜蜜的时刻——白昼己耗尽了它的烈火，清凉的露水落在喘息的平原和烤灼过的山顶上。,可我以为，您已经全都知道了。,0.0624,0,0
指俄国民粹派因出身贵族，享有坐车赶路的特权。,一个牧羊人看到了，说:来的那几个人抬的是克里索斯托莫的遗体，那个山脚就是克里索斯托莫吩咐埋葬他的地方。,0.0271,0,0
马航失联客机在哪,马航失联客机去哪了,0.9596,1,1
显然，政府问责局必须继续吸引聪明、能干的工作人员，这一点在良好的经济和私营部门竞争的情况下变得越来越困难。,由于经济状况不佳，聪明、能干的员工随时可供GAO使用。,0.364,0,0
